Name,FullName,Type,Catch,Flee,Fast Moves,Charge Moves
Bulbasaur,Bulbasaur,Grass;Poison,20%,10%,Vine Whip;Tackle;,Seed Bomb;Sludge Bomb;Power Whip;Frustration ;
Ivysaur,Ivysaur,Grass;Poison,10%,7%,Vine Whip;Razor Leaf;,Sludge Bomb;Solar Beam;Power Whip;Frustration ;
Venusaur,Venusaur,Grass;Poison,5%,5%,Vine Whip;Razor Leaf;,Petal Blizzard;Sludge Bomb;Solar Beam;Frenzy Plant ;
Charmander,Charmander,Fire,20%,10%,Ember;Scratch;,Flamethrower;Flame Charge;Flame Burst;Frustration ;
Charmeleon,Charmeleon,Fire,10%,7%,Ember;Scratch ;Fire Fang;,Flamethrower;Flame Burst;Fire Punch;Frustration ;
Charizard,Charizard,Fire;Flying,5%,5%,Dragon Breath ;Air Slash;Fire Spin;,Flamethrower ;
Squirtle,Squirtle,Water,20%,10%,Tackle;Bubble;,Aqua Jet;Aqua Tail;Water Pulse;Frustration ;
Wartortle,Wartortle,Water,10%,7%,Bite;Water Gun;,Ice Beam;Aqua Jet;Hydro Pump;Frustration ;
Blastoise,Blastoise,Water,5%,5%,Bite;Water Gun;,Flash Cannon;Ice Beam;Hydro Pump;Hydro Cannon ;
Caterpie,Caterpie,Bug,50%,20%,Bug Bite;Tackle;,Struggle;
Metapod,Metapod,Bug,25%,9%,Bug Bite;Tackle;,Struggle;
Butterfree,Butterfree,Bug;Flying,12.5%,6%,Bug Bite ;Confusion;Struggle Bug;,Bug Buzz;Signal Beam;Psychic;
Weedle,Weedle,Bug;Poison,50%,20%,Bug Bite;Poison Sting;,Struggle;Frustration ;
Kakuna,Kakuna,Bug;Poison,25%,9%,Bug Bite;Poison Sting;,Struggle;Frustration ;
Beedrill,Beedrill,Bug;Poison,12.5%,6%,Bug Bite ;Poison Jab;Infestation;,Aerial Ace;Drill Run ;
Pidgey,Pidgey,Normal;Flying,50%,20%,Quick Attack;Tackle;,Aerial Ace;Twister;Air Cutter;
Pidgeotto,Pidgeotto,Normal;Flying,25%,9%,Wing Attack;Steel Wing;,Aerial Ace;Twister;Air Cutter;
Pidgeot,Pidgeot,Normal;Flying,12.5%,6%,Wing Attack ;,Aerial Ace;Air Cutter ;Hurricane;Brave Bird;Feather Dance;
Rattata,Rattata,Normal,50%,20%,Quick Attack;Tackle;,Dig;Hyper Fang;Body Slam;Frustration ;
Rattata,Rattata (Alolan Rattata),Dark;Normal,50%,20%,Quick Attack;Tackle;,Shadow Ball;Hyper Fang;Crunch;
Raticate,Raticate,Normal,20%,7%,Bite;Quick Attack;,Hyper Beam;Dig;Hyper Fang;Frustration ;
Raticate,Raticate (Alolan Raticate),Dark;Normal,20%,7%,Bite;Quick Attack;,Hyper Beam;Hyper Fang;Crunch;
Spearow,Spearow,Normal;Flying,50%,15%,Peck;Quick Attack;,Drill Peck;Aerial Ace;Twister ;Sky Attack;
Fearow,Fearow,Normal;Flying,20%,7%,Peck;Steel Wing;,Aerial Ace;Drill Run;Twister ;Sky Attack;
Ekans,Ekans,Poison,50%,15%,Acid;Poison Sting;,Wrap;Poison Fang;Sludge Bomb;Gunk Shot ;
Arbok,Arbok,Poison,20%,7%,Bite;Acid;Dragon Tail;,Dark Pulse;Sludge Wave;Gunk Shot;Acid Spray;Frustration ;
Pikachu,Pikachu,Electric,20%,10%,Thunder Shock;Quick Attack;Present ;,Discharge;Thunder ;
Pikachu,Pikachu (Pikachu Libre),Electric,20%,0%,Thunder Shock;Charm;,Thunder Punch;Play Rough;Flying Press;
Pikachu,Pikachu (5-Shaped Balloon),Electric,20%,10%,Thunder Shock;Quick Attack;Present;,Discharge;Thunderbolt;Wild Charge;Fly;
Pikachu,Pikachu (Pop Star),Electric,20%,0%,Thunder Shock;Charm;,Thunder Punch;Draining Kiss;Play Rough;
Pikachu,Pikachu (Rock Star),Electric,20%,0%,Thunder Shock;Charm;,Thunder Punch;Play Rough;Meteor Mash;
Raichu,Raichu,Electric,10%,6%,Thunder Shock;Spark;Volt Switch;Charm;,Thunder Punch;Thunder ;Brick Break;Wild Charge;Skull Bash;
Raichu,Raichu (Alolan Raichu),Electric;Psychic,10%,6%,Thunder Shock;Spark;Volt Switch;,Thunder Punch;Psychic;Wild Charge;Grass Knot;
Sandshrew,Sandshrew,Ground,50%,10%,Mud Shot;Scratch;,Dig;Rock Tomb ;
Sandshrew,Sandshrew (Alolan Sandshrew),Ice;Steel,50%,10%,Metal Claw;Powder Snow;,Blizzard;Night Slash;Gyro Ball;
Sandslash,Sandslash,Ground,20%,6%,Mud Shot;Metal Claw;,Earthquake;Rock Tomb;Bulldoze;Frustration ;
Sandslash,Sandslash (Alolan Sandslash),Ice;Steel,20%,6%,Metal Claw;Powder Snow;,Ice Punch;Blizzard;Bulldoze;Gyro Ball;
Nidorina,Nidorina,Poison,25%,7%,Bite;Poison Sting;,Dig;Poison Fang;Sludge Bomb;Frustration ;
Nidoqueen,Nidoqueen,Poison;Ground,12.5%,5%,Bite;Poison Jab;,Earthquake;Stone Edge;Poison Fang;Sludge Wave;Earth Power;Frustration ;
Nidorino,Nidorino,Poison,25%,7%,Poison Jab;Poison Sting;,Dig;Sludge Bomb;Horn Attack;Frustration ;
Nidoking,Nidoking,Poison;Ground,12.5%,5%,Fury Cutter ;Poison Jab;Iron Tail;,Megahorn;Earthquake;Sludge Wave;Sand Tomb;Earth Power;Frustration ;
Clefairy,Clefairy,Fairy,30%,10%,Pound;Zen Headbutt;,Disarming Voice;Moonblast;Body Slam;
Clefable,Clefable,Fairy,10%,6%,Pound ;Zen Headbutt;Charge Beam;Charm;,Dazzling Gleam;Moonblast;Psychic;Meteor Mash;
Vulpix,Vulpix,Fire,30%,10%,Ember;Quick Attack;,Flamethrower;Flame Charge;Body Slam;Weather Ball - Fire;Frustration ;
Vulpix,Vulpix (Alolan Vulpix),Ice,30%,10%,Zen Headbutt;Powder Snow;,Dark Pulse;Ice Beam;Blizzard;Weather Ball - Ice;
Ninetales,Ninetales,Fire,10%,6%,Ember ;Feint Attack;Fire Spin;,Flamethrower ;
Ninetales,Ninetales (Alolan Ninetales),Ice;Fairy,10%,6%,Feint Attack;Powder Snow;Charm;,Ice Beam;Blizzard;Psyshock;Dazzling Gleam;Weather Ball - Ice;
Jigglypuff,Jigglypuff,Normal;Fairy,50%,10%,Pound;Feint Attack;,Disarming Voice;Dazzling Gleam;Play Rough ;Gyro Ball;
Wigglytuff,Wigglytuff,Normal;Fairy,20%,6%,Pound;Feint Attack;Charm;,Hyper Beam;Ice Beam;Dazzling Gleam;Play Rough;
Zubat,Zubat,Poison;Flying,50%,20%,Bite;Quick Attack;,Poison Fang;Sludge Bomb ;
Golbat,Golbat,Poison;Flying,20%,7%,Bite;Wing Attack;,Poison Fang;Ominous Wind ;
Oddish,Oddish,Grass;Poison,60%,15%,Razor Leaf;Acid;,Seed Bomb;Moonblast;Sludge Bomb;Frustration ;
Gloom,Gloom,Grass;Poison,30%,7%,Razor Leaf;Acid;,Petal Blizzard;Moonblast;Sludge Bomb;Frustration ;
Vileplume,Vileplume,Grass;Poison,15%,5%,Razor Leaf;Acid;,Petal Blizzard;Moonblast;Sludge Bomb;Solar Beam;Frustration ;
Paras,Paras,Bug;Grass,40%,15%,Bug Bite;Scratch;,Seed Bomb;Cross Poison;X-Scissor;
Parasect,Parasect,Bug;Grass,20%,7%,Fury Cutter;Bug Bite ;Struggle Bug;,Cross Poison;X-Scissor;Solar Beam;
Venonat,Venonat,Bug;Poison,50%,15%,Bug Bite;Confusion;,Psybeam;Poison Fang;Signal Beam;Frustration ;
Venomoth,Venomoth,Bug;Poison,20%,7%,Bug Bite ;Confusion;Infestation;,Bug Buzz;Poison Fang;Psychic;Silver Wind;Frustration ;
Diglett,Diglett,Ground,50%,10%,Scratch;Mud-Slap;,Dig;Rock Tomb;Mud Bomb;Frustration ;
Diglett,Diglett (Alolan Diglett),Ground;Steel,50%,10%,Metal Claw;Mud-Slap;,Dig;Rock Tomb;Mud Bomb;
Dugtrio,Dugtrio,Ground,20%,6%,Sucker Punch;Mud-Slap;,Earthquake;Stone Edge;Mud Bomb;Frustration ;
Dugtrio,Dugtrio (Alolan Dugtrio),Ground;Steel,20%,6%,Metal Claw;Mud-Slap;,Earthquake;Iron Head;Mud Bomb;
Meowth,Meowth,Normal,50%,15%,Bite;Scratch;,Dark Pulse;Night Slash;Body Slam ;
Meowth,Meowth (Alolan Meowth),Dark,50%,15%,Bite;Scratch;,Dark Pulse;Night Slash;Foul Play;
Meowth,Meowth (Galarian Meowth),Steel,45%,10%,Scratch;Metal Claw;,Dig;Night Slash;Gyro Ball;
Persian,Persian,Normal,20%,7%,Scratch;Feint Attack;,Night Slash ;Payback;
Persian,Persian (Alolan Persian),Dark,20%,7%,Scratch;Feint Attack;,Dark Pulse;Play Rough;Foul Play;Payback;
Psyduck,Psyduck,Water,50%,10%,Water Gun;Zen Headbutt;,Cross Chop;Psybeam;Aqua Tail;Frustration ;
Golduck,Golduck,Water,20%,6%,Water Gun;Confusion;,Cross Chop;Ice Beam;Bubble Beam;Hydro Pump;Psychic;Frustration ;Synchronoise;
Mankey,Mankey,Fighting,50%,10%,Karate Chop;Scratch;,Cross Chop;Low Sweep;Brick Break;
Primeape,Primeape,Fighting,20%,6%,Low Kick;Karate Chop ;Counter;,Cross Chop ;Ice Punch;Night Slash;Low Sweep;Close Combat;
Growlithe,Growlithe,Fire,30%,10%,Bite;Ember;,Flame Wheel;Flamethrower;Body Slam;Frustration ;
Arcanine,Arcanine,Fire,10%,6%,Bite ;Fire Fang;Snarl;Thunder Fang;,Flamethrower;Bulldoze ;
Poliwag,Poliwag,Water,50%,15%,Mud Shot;Bubble;,Bubble Beam;Mud Bomb;Body Slam;Frustration ;
Poliwhirl,Poliwhirl,Water,25%,7%,Mud Shot;Bubble;,Bubble Beam;Mud Bomb;Water Pulse;Scald ;
Poliwrath,Poliwrath,Water;Fighting,12.5%,5%,Mud Shot;Bubble;Rock Smash;,Ice Punch;Submission ;
Abra,Abra,Psychic,50%,99%,Zen Headbutt;Charge Beam;,Psyshock;Shadow Ball;Signal Beam;Frustration ;
Kadabra,Kadabra,Psychic,25%,7%,Psycho Cut;Confusion;,Psybeam;Shadow Ball;Dazzling Gleam;Frustration ;
Alakazam,Alakazam,Psychic,10%,5%,Psycho Cut;Confusion;Counter ;,Shadow Ball;Dazzling Gleam ;
Machop,Machop,Fighting,50%,10%,Low Kick ;Karate Chop;Rock Smash;,Cross Chop;Low Sweep;Brick Break;Frustration ;
Machoke,Machoke,Fighting,25%,7%,Low Kick;Karate Chop;,Cross Chop ;
Machamp,Machamp,Fighting,10%,5%,Karate Chop ;Bullet Punch;Counter;,Cross Chop;Stone Edge ;
Bellsprout,Bellsprout,Grass;Poison,50%,15%,Vine Whip;Acid;,Wrap;Sludge Bomb;Power Whip;Frustration ;
Weepinbell,Weepinbell,Grass;Poison,25%,7%,Razor Leaf ;Acid;Bullet Seed;,Seed Bomb;Sludge Bomb;Power Whip;Frustration ;
Victreebel,Victreebel,Grass;Poison,12.5%,5%,Razor Leaf;Acid;,Sludge Bomb;Solar Beam;Leaf Blade;Acid Spray;Leaf Tornado;Frustration ;
Tentacool,Tentacool,Water;Poison,50%,15%,Poison Sting;Bubble;,Wrap;Bubble Beam;Water Pulse;
Tentacruel,Tentacruel,Water;Poison,20%,7%,Poison Jab;Acid;,Blizzard;Sludge Wave;Hydro Pump;Acid Spray;
Geodude,Geodude,Rock;Ground,50%,10%,Tackle;Rock Throw;,Dig;Rock Tomb;Rock Slide;Frustration ;
Geodude,Geodude (Alolan Geodude),Rock;Electric,50%,10%,Rock Throw;Volt Switch;,Rock Tomb;Rock Slide;Thunderbolt;
Graveler,Graveler,Rock;Ground,25%,7%,Rock Throw;Mud-Slap;,Dig;Stone Edge;Rock Slide ;
Graveler,Graveler (Alolan Graveler),Rock;Electric,25%,7%,Rock Throw;Volt Switch;,Stone Edge;Thunderbolt;Rock Blast;
Golem,Golem,Rock;Ground,12.5%,5%,Rock Throw;Mud-Slap;,Earthquake;Stone Edge;Ancient Power;Rock Blast;Frustration ;
Golem,Golem (Alolan Golem),Rock;Electric,12.5%,5%,Rock Throw;Volt Switch;,Stone Edge;Wild Charge;Rock Blast;
Ponyta,Ponyta,Fire,40%,10%,Ember;Tackle;,Flame Wheel;Flame Charge;Fire Blast ;
Ponyta,Ponyta (Galarian Ponyta),Psychic,40%,10%,Low Kick;Psycho Cut;,Psybeam;Play Rough;Swift;
Rapidash,Rapidash,Fire,15%,6%,Low Kick;Ember ;Fire Spin;Incinerate;,Heat Wave;Drill Run;Flame Charge;Fire Blast;Frustration ;
Rapidash,Rapidash (Galarian Rapidash),Psychic;Fairy,20%,6%,Low Kick;Psycho Cut;,Megahorn;Play Rough;Psychic;Body Slam;
Slowpoke,Slowpoke,Water;Psychic,50%,10%,Water Gun;Confusion;,Psyshock;Water Pulse;Psychic;Frustration ;
Slowpoke,Slowpoke (Galarian Slowpoke),Psychic,50%,10%,Confusion;Iron Tail;,Psyshock;Psychic;Surf;
Slowbro,Slowbro,Water;Psychic,20%,6%,Water Gun;Confusion;,Ice Beam;Water Pulse;Psychic;Frustration ;
Slowbro,Slowbro (Galarian Slowbro),Poison;Psychic,20%,6%,Poison Jab;Confusion;,Sludge Bomb;Psychic;Focus Blast;
Magnemite,Magnemite,Electric;Steel,50%,10%,Thunder Shock;Spark;,Discharge;Magnet Bomb;Thunderbolt;Frustration ;
Magneton,Magneton,Electric;Steel,20%,6%,Thunder Shock;Spark;Charge Beam;,Discharge;Flash Cannon;Magnet Bomb;Zap Cannon;Frustration ;
Farfetch'd,Farfetch'd,Normal;Flying,30%,9%,Fury Cutter;Cut ;Air Slash;,Aerial Ace;Leaf Blade;Air Cutter;Frustration ;
Farfetch'd,Farfetch'd (Galarian Farfetch'd),Fighting,30%,9%,Fury Cutter;Rock Smash;,Leaf Blade;Brick Break;Brave Bird;
Doduo,Doduo,Normal;Flying,50%,10%,Peck;Quick Attack;,Drill Peck;Aerial Ace;Swift ;Brave Bird;
Dodrio,Dodrio,Normal;Flying,20%,6%,Feint Attack;Steel Wing;,Drill Peck;Aerial Ace;Air Cutter ;Brave Bird;
Seel,Seel,Water,50%,9%,Lick;Ice Shard;Water Gun ;,Aqua Jet ;Aqua Tail;Icy Wind;Aurora Beam;
Dewgong,Dewgong,Water;Ice,20%,6%,Ice Shard ;Frost Breath;Iron Tail;,Blizzard;Aqua Jet ;Aurora Beam;
Grimer,Grimer,Poison,50%,10%,Poison Jab;Mud-Slap;,Sludge;Sludge Bomb;Mud Bomb;Frustration ;
Grimer,Grimer (Alolan Grimer),Poison;Dark,50%,10%,Bite;Poison Jab;,Sludge Bomb;Gunk Shot;Crunch;
Muk,Muk,Poison,20%,6%,Lick ;Poison Jab;Infestation;,Dark Pulse;Thunder Punch;Sludge Wave;Gunk Shot;Acid Spray;Frustration ;
Muk,Muk (Alolan Muk),Poison;Dark,20%,6%,Bite;Poison Jab;Snarl;,Dark Pulse;Sludge Wave;Gunk Shot;Acid Spray;
Shellder,Shellder,Water,50%,10%,Ice Shard;Tackle;,Bubble Beam;Water Pulse;Icy Wind;Frustration ;
Cloyster,Cloyster,Water;Ice,20%,6%,Ice Shard;Frost Breath;,Blizzard ;
Gastly,Gastly,Ghost;Poison,40%,10%,Sucker Punch ;Lick;Astonish;,Dark Pulse;Ominous Wind ;Sludge Bomb;Night Shade;
Haunter,Haunter,Ghost;Poison,20%,7%,Lick ;Shadow Claw;Astonish;,Dark Pulse;Shadow Punch;Shadow Ball;Sludge Bomb;
Gengar,Gengar,Ghost;Poison,10%,5%,Sucker Punch;Lick ;Shadow Claw;Hex;,Dark Pulse ;Focus Blast;
Onix,Onix,Rock;Ground,20%,9%,Tackle;Rock Throw;,Stone Edge;Rock Slide ;
Drowzee,Drowzee,Psychic,50%,10%,Pound;Confusion;,Psybeam;Psyshock;Psychic;Frustration ;
Hypno,Hypno,Psychic,20%,6%,Zen Headbutt;Confusion;,Ice Punch;Psyshock ;
Krabby,Krabby,Water,50%,15%,Mud Shot;Bubble;,Vise Grip;Bubble Beam;Water Pulse;Frustration ;
Kingler,Kingler,Water,20%,7%,Mud Shot ;Metal Claw;Bubble;,Vise Grip;X-Scissor;Water Pulse;Crabhammer;Frustration ;
Voltorb,Voltorb,Electric,50%,10%,Spark;Tackle;,Discharge;Thunderbolt;Signal Beam ;Gyro Ball;
Electrode,Electrode,Electric,20%,6%,Spark;Tackle ;Volt Switch;,Hyper Beam;Discharge;Thunderbolt;Foul Play;
Exeggcute,Exeggcute,Grass;Psychic,50%,10%,Confusion;Bullet Seed;,Seed Bomb;Ancient Power;Psychic;Frustration ;
Exeggutor,Exeggutor,Grass;Psychic,20%,6%,Zen Headbutt ;Confusion;Bullet Seed;Extrasensory;,Seed Bomb;Psychic;Solar Beam;Frustration ;
Exeggutor,Exeggutor (Alolan Exeggutor),Grass;Dragon,20%,6%,Dragon Tail;Bullet Seed;,Seed Bomb;Dragon Pulse;Solar Beam;
Cubone,Cubone,Ground,40%,10%,Mud-Slap;Rock Smash;,Dig;Bone Club;Bulldoze;Frustration ;
Marowak,Marowak,Ground,15%,6%,Mud-Slap;Rock Smash;,Dig;Earthquake;Bone Club;Frustration ;
Marowak,Marowak (Alolan Marowak),Fire;Ghost,15%,6%,Rock Smash;Hex;Fire Spin;,Flame Wheel;Shadow Ball;Bone Club;Fire Blast;Shadow Bone ;
Hitmonlee,Hitmonlee,Fighting,20%,9%,Low Kick;Rock Smash;,Stone Edge;Low Sweep;Brick Break ;
Hitmonchan,Hitmonchan,Fighting,20%,9%,Bullet Punch;Rock Smash ;Counter;,Ice Punch;Thunder Punch;Fire Punch;Brick Break ;
Lickitung,Lickitung,Normal,20%,9%,Lick;Zen Headbutt;,Hyper Beam;Power Whip;Stomp;Body Slam ;
Koffing,Koffing,Poison,50%,10%,Tackle;Infestation;,Dark Pulse;Sludge;Sludge Bomb;Frustration ;
Weezing,Weezing,Poison,20%,6%,Tackle;Infestation;,Dark Pulse;Shadow Ball;Thunderbolt;Sludge Bomb;Frustration ;
Weezing,Weezing (Galarian Weezing),Poison;Fairy,20%,6%,Tackle;,Hyper Beam;Sludge;Play Rough;Overheat;
Rhyhorn,Rhyhorn,Ground;Rock,50%,10%,Mud-Slap;Rock Smash;,Bulldoze;Horn Attack;Stomp;Frustration ;
Rhydon,Rhydon,Ground;Rock,5%,6%,Mud-Slap;Rock Smash;,Megahorn ;
Chansey,Chansey,Normal,20%,9%,Pound;Zen Headbutt;,Hyper Beam;Dazzling Gleam;Psychic;
Tangela,Tangela,Grass,40%,9%,Vine Whip;Infestation;,Sludge Bomb;Solar Beam;Power Whip ;Grass Knot;
Kangaskhan,Kangaskhan,Normal,20%,9%,Low Kick;Mud-Slap;,Earthquake;Brick Break ;
Horsea,Horsea,Water,50%,10%,Water Gun;Bubble;,Flash Cannon;Bubble Beam;Dragon Pulse;
Seadra,Seadra,Water,20%,6%,Dragon Breath;Water Gun;,Blizzard ;Dragon Pulse;Hydro Pump;Aurora Beam;
Goldeen,Goldeen,Water,50%,15%,Peck;Mud Shot;,Aqua Tail;Water Pulse;Horn Attack;
Seaking,Seaking,Water,20%,7%,Peck;Poison Jab ;Waterfall;,Megahorn;Ice Beam;Drill Run ;
Staryu,Staryu,Water,50%,15%,Tackle;Water Gun;,Bubble Beam;Power Gem;Swift;
Starmie,Starmie,Water;Psychic,20%,6%,Tackle ;Water Gun;Hidden Power;,Ice Beam;Power Gem;Thunder;Hydro Pump;Psychic;
Mr. Mime,Mr. Mime,Psychic;Fairy,30%,9%,Zen Headbutt;Confusion;,Psybeam;Shadow Ball;Psychic;Frustration ;
Mr. Mime,Mr. Mime (Galarian Mr. Mime),Ice;Psychic,30%,9%,Zen Headbutt;Confusion;,Psybeam;Ice Punch;Psychic;
Scyther,Scyther,Bug;Flying,30%,9%,Fury Cutter;Steel Wing ;Air Slash;,Aerial Ace;Bug Buzz ;
Jynx,Jynx,Ice;Psychic,30%,9%,Frost Breath;Pound ;Confusion;,Ice Punch ;Psyshock;Draining Kiss;Focus Blast;Avalanche;
Electabuzz,Electabuzz,Electric,20%,9%,Thunder Shock;Low Kick;,Thunder Punch;Thunder;Thunderbolt;Frustration ;
Magmar,Magmar,Fire,20%,9%,Karate Chop;Ember;,Flamethrower;Fire Blast;Fire Punch;Frustration ;
Pinsir,Pinsir,Bug,30%,9%,Fury Cutter;Bug Bite;Rock Smash;,Vise Grip;Submission ;
Tauros,Tauros,Normal,30%,9%,Tackle;Zen Headbutt;,Earthquake;Iron Head;Horn Attack;
Magikarp,Magikarp,Water,70%,15%,Splash;,Struggle;Frustration ;
Gyarados,Gyarados,Water;Flying,10%,7%,Bite;Dragon Breath;Dragon Tail ;Waterfall;,Aqua Tail ;
Lapras,Lapras,Water;Ice,5%,9%,Ice Shard ;Frost Breath;Water Gun;,Ice Beam ;
Ditto,Ditto,Normal,20%,10%,Transform;,Struggle;
Eevee,Eevee,Normal,40%,10%,Quick Attack;Tackle;,Dig;Swift;Body Slam ;
Vaporeon,Vaporeon,Water,12.5%,6%,Water Gun;,Aqua Tail;Water Pulse;Scald ;
Jolteon,Jolteon,Electric,12.5%,6%,Thunder Shock;Volt Switch;,Discharge;Thunder;Thunderbolt;Zap Cannon ;
Flareon,Flareon,Fire,12.5%,6%,Ember;Fire Spin;,Flamethrower;Heat Wave ;
Porygon,Porygon,Normal,40%,9%,Tackle ;Charge Beam;Hidden Power;,Hyper Beam;Psybeam ;
Omanyte,Omanyte,Rock;Water,40%,9%,Mud Shot;Water Gun;,Bubble Beam;Ancient Power;Rock Tomb ;
Omastar,Omastar,Rock;Water,15%,5%,Mud Shot;Rock Throw ;Water Gun;,Ancient Power;Rock Slide ;
Kabuto,Kabuto,Rock;Water,40%,9%,Mud Shot;Scratch;,Aqua Jet;Ancient Power;Rock Tomb;Frustration ;
Kabutops,Kabutops,Rock;Water,15%,5%,Fury Cutter ;Mud Shot;Rock Smash;Waterfall;,Stone Edge;Ancient Power;Water Pulse;Frustration ;
Aerodactyl,Aerodactyl,Rock;Flying,20%,9%,Bite;Rock Throw;Steel Wing;,Hyper Beam;Ancient Power;Rock Slide;Iron Head;Earth Power;Frustration ;
Snorlax,Snorlax,Normal,5%,9%,Lick;Zen Headbutt;Yawn ;,Hyper Beam;Earthquake;Body Slam;Heavy Slam;Outrage;Skull Bash;Superpower;Frustration ;
Articuno,Articuno,Ice;Flying,3%,10%,Ice Shard;Frost Breath;,Ice Beam;Blizzard;Ancient Power;Icy Wind;Hurricane ;
Zapdos,Zapdos,Electric;Flying,3%,10%,Thunder Shock ;Charge Beam;,Drill Peck;Ancient Power;Thunder;Thunderbolt;Zap Cannon;Frustration ;
Moltres,Moltres,Fire;Flying,3%,10%,Wing Attack;Fire Spin;,Heat Wave;Ancient Power;Fire Blast;Sky Attack ;
Dratini,Dratini,Dragon,40%,9%,Dragon Breath;Iron Tail;,Wrap;Aqua Tail;Twister;Frustration ;
Dragonair,Dragonair,Dragon,10%,6%,Dragon Breath;Iron Tail;,Wrap;Aqua Tail;Dragon Pulse;Frustration ;
Dragonite,Dragonite,Dragon;Flying,5%,5%,Dragon Breath;Steel Wing;Dragon Tail;,Hyper Beam;Dragon Pulse ;
Mewtwo,Mewtwo,Psychic,6%,10%,Psycho Cut;Confusion;,Hyper Beam ;
Mewtwo,Mewtwo (Armored Mewtwo),Psychic,6%,0%,Confusion;Iron Tail;,Earthquake;Rock Slide;Psystrike ;Dynamic Punch;Future Sight;
Mew,Mew,Psychic,100%,0%,Shadow Claw;Frost Breath;Pound;Cut;Poison Jab;Steel Wing;Rock Smash;Charge Beam;Volt Switch;Dragon Tail;Infestation;Struggle Bug;Snarl;Waterfall;,Hyper Beam;Dark Pulse;Stone Edge;Flash Cannon;Ice Beam;Blizzard;Low Sweep;Psyshock;Ancient Power;Rock Slide;Thunder;Thunderbolt;Dragon Claw;Dazzling Gleam;Bulldoze;Flame Charge;Psychic;Solar Beam;Focus Blast;Wild Charge;Gyro Ball;Overheat;Grass Knot;Energy Ball;Surf;
Chikorita,Chikorita,Grass,20%,10%,Vine Whip;Tackle;,Body Slam;Grass Knot;Energy Ball;
Bayleef,Bayleef,Grass,12.5%,7%,Razor Leaf;Tackle;,Ancient Power;Grass Knot;Energy Ball;
Meganium,Meganium,Grass,5%,5%,Vine Whip;Razor Leaf;,Earthquake;Petal Blizzard;Solar Beam;Frenzy Plant ;
Cyndaquil,Cyndaquil,Fire,20%,10%,Ember;Tackle;,Flamethrower;Flame Charge;Swift;
Quilava,Quilava,Fire,12.5%,7%,Ember;Tackle;,Flamethrower;Dig;Flame Charge;
Typhlosion,Typhlosion,Fire,5%,5%,Ember;Shadow Claw;Incinerate;,Fire Blast;Solar Beam;Overheat;Blast Burn ;
Totodile,Totodile,Water,20%,10%,Scratch;Water Gun;,Aqua Jet;Water Pulse;Crunch;
Croconaw,Croconaw,Water,12.5%,7%,Scratch;Water Gun;,Ice Punch;Water Pulse;Crunch;
Feraligatr,Feraligatr,Water,5%,5%,Bite;Water Gun ;Waterfall;Ice Fang;,Ice Beam;Hydro Pump;Crunch;Hydro Cannon ;
Sentret,Sentret,Normal,50%,20%,Quick Attack;Scratch;,Dig;Brick Break;Grass Knot;
Furret,Furret,Normal,15%,7%,Sucker Punch;Quick Attack;,Hyper Beam;Dig;Brick Break;
Hoothoot,Hoothoot,Normal;Flying,50%,15%,Peck;Feint Attack;,Aerial Ace;Sky Attack;Night Shade;
Noctowl,Noctowl,Normal;Flying,15%,7%,Wing Attack;Extrasensory;,Psychic;Sky Attack;Night Shade;
Ledyba,Ledyba,Bug;Flying,50%,20%,Bug Bite;Tackle;,Aerial Ace;Swift;Silver Wind;
Ledian,Ledian,Bug;Flying,15%,7%,Bug Bite;Struggle Bug;,Aerial Ace;Bug Buzz;Silver Wind;
Spinarak,Spinarak,Bug;Poison,50%,20%,Bug Bite;Poison Sting;,Night Slash;Cross Poison;Signal Beam;
Ariados,Ariados,Bug;Poison,15%,7%,Poison Sting;Infestation;,Megahorn;Shadow Sneak;Cross Poison;Lunge;
Crobat,Crobat,Poison;Flying,10%,5%,Bite;Air Slash;,Poison Fang;Shadow Ball;Cross Poison;Sludge Bomb;Air Cutter;Frustration ;
Chinchou,Chinchou,Water;Electric,40%,10%,Spark;Bubble;,Bubble Beam;Thunderbolt;Water Pulse;
Lanturn,Lanturn,Water;Electric,15%,7%,Spark;Water Gun;Charge Beam;,Thunder;Thunderbolt;Hydro Pump;
Pichu,Pichu,Electric,—,5%,Thunder Shock;,Thunder Punch;Thunderbolt;Disarming Voice;
Cleffa,Cleffa,Fairy,—,5%,Pound;Zen Headbutt;,Psyshock;Signal Beam;Psychic ;Grass Knot;
Igglybuff,Igglybuff,Normal;Fairy,—,5%,Pound;Feint Attack;,Shadow Ball;Psychic;Body Slam ;Wild Charge;
Togepi,Togepi,Fairy,—,5%,Peck;Zen Headbutt ;Hidden Power;,Psyshock;Ancient Power;Dazzling Gleam;
Togetic,Togetic,Fairy;Flying,20%,5%,Zen Headbutt ;Extrasensory;Hidden Power;,Aerial Ace;Ancient Power;Dazzling Gleam;
Natu,Natu,Psychic;Flying,40%,15%,Peck;Quick Attack;,Drill Peck;Psyshock;Night Shade;
Xatu,Xatu,Psychic;Flying,15%,7%,Feint Attack;Air Slash;,Aerial Ace;Ominous Wind;Future Sight;
Mareep,Mareep,Electric,50%,10%,Thunder Shock;Tackle;,Discharge;Thunderbolt;Body Slam;Frustration ;
Flaaffy,Flaaffy,Electric,25%,7%,Tackle;Charge Beam;,Discharge;Power Gem;Thunderbolt;Frustration ;
Ampharos,Ampharos,Electric,12.5%,5%,Charge Beam;Volt Switch;,Power Gem;Thunder Punch;Thunder;Dragon Pulse ;
Bellossom,Bellossom,Grass,5%,5%,Razor Leaf;Acid;Bullet Seed;,Petal Blizzard;Dazzling Gleam;Leaf Blade;Frustration ;
Marill,Marill,Water;Fairy,50%,10%,Tackle;Bubble;,Bubble Beam;Aqua Tail;Body Slam;
Azumarill,Azumarill,Water;Fairy,15%,7%,Bubble;Rock Smash;,Ice Beam;Play Rough;Hydro Pump;
Sudowoodo,Sudowoodo,Rock,12.5%,5%,Rock Throw;Counter;,Earthquake;Stone Edge;Rock Slide;
Politoed,Politoed,Water,10%,5%,Mud Shot;Bubble;,Earthquake ;
Hoppip,Hoppip,Grass;Flying,50%,12%,Tackle;Bullet Seed;,Seed Bomb;Dazzling Gleam;Grass Knot;Frustration ;
Skiploom,Skiploom,Grass;Flying,25%,7%,Tackle;Bullet Seed;,Dazzling Gleam;Grass Knot;Energy Ball;Frustration ;
Jumpluff,Jumpluff,Grass;Flying,12.5%,5%,Infestation;Bullet Seed;,Aerial Ace;Dazzling Gleam;Solar Beam;Energy Ball;Frustration ;
Aipom,Aipom,Normal,20%,9%,Scratch;Astonish;,Aerial Ace;Low Sweep;Swift;Frustration ;
Sunkern,Sunkern,Grass,50%,9%,Razor Leaf;Cut;,Seed Bomb;Grass Knot;Energy Ball;
Sunflora,Sunflora,Grass,10%,7%,Razor Leaf;Bullet Seed;,Petal Blizzard;Sludge Bomb;Solar Beam;Leaf Storm;
Yanma,Yanma,Bug;Flying,30%,10%,Wing Attack;Quick Attack;,Aerial Ace;Ancient Power;Silver Wind;
Wooper,Wooper,Water;Ground,40%,10%,Mud Shot;Water Gun;,Dig;Mud Bomb;Body Slam;Frustration ;
Quagsire,Quagsire,Water;Ground,15%,7%,Mud Shot;Water Gun;,Earthquake;Stone Edge;Sludge Bomb;Acid Spray;Frustration ;
Espeon,Espeon,Psychic,12.5%,5%,Zen Headbutt;Confusion;,Psybeam;Shadow Ball ;
Umbreon,Umbreon,Dark,12.5%,5%,Feint Attack;Snarl;,Dark Pulse;Psychic ;
Murkrow,Murkrow,Dark;Flying,20%,10%,Peck;Feint Attack;,Dark Pulse;Drill Peck;Foul Play;Frustration ;
Slowking,Slowking,Water;Psychic,10%,5%,Water Gun;Confusion;,Blizzard;Fire Blast;Psychic;Frustration ;
Slowking,Slowking (Galarian Slowking),Poison;Psychic,10%,5%,Acid;Confusion;Hex;,Shadow Ball;Sludge Wave;Future Sight;
Misdreavus,Misdreavus,Ghost,30%,7%,Astonish;Hex;,Dark Pulse;Shadow Sneak;Ominous Wind;Frustration ;
Unown,Unown,Psychic,30%,10%,Hidden Power;,Struggle;
Wobbuffet,Wobbuffet,Psychic,25%,7%,Splash;Counter;Charm;,Mirror Coat;Frustration ;
Girafarig,Girafarig,Normal;Psychic,30%,7%,Tackle;Confusion;,Thunderbolt;Psychic;Mirror Coat;
Pineco,Pineco,Bug,40%,12%,Bug Bite;Tackle;,Rock Tomb;Sand Tomb;Gyro Ball;Frustration ;
Forretress,Forretress,Bug;Steel,15%,7%,Bug Bite;Struggle Bug;,Earthquake;Rock Tomb;Sand Tomb;Heavy Slam;Mirror Shot;Frustration ;
Dunsparce,Dunsparce,Normal,30%,20%,Bite;Astonish;,Dig;Drill Run;Rock Slide;
Gligar,Gligar,Ground;Flying,20%,7%,Fury Cutter;Wing Attack;,Dig;Aerial Ace;Night Slash;Frustration ;
Steelix,Steelix,Steel;Ground,10%,5%,Dragon Tail;Iron Tail;Thunder Fang;,Earthquake;Heavy Slam;Crunch;Frustration ;
Snubbull,Snubbull,Fairy,40%,10%,Bite;Tackle;,Dazzling Gleam;Brick Break;Crunch;
Granbull,Granbull,Fairy,15%,8%,Bite;Snarl;Charm;,Play Rough;Close Combat;Crunch;
Qwilfish,Qwilfish,Water;Poison,30%,8%,Water Gun;Poison Sting;,Ice Beam;Aqua Tail;Sludge Wave;Acid Spray;Fell Stinger;
Scizor,Scizor,Bug;Steel,5%,5%,Fury Cutter;Bullet Punch;,Night Slash;Iron Head;X-Scissor;Frustration ;
Shuckle,Shuckle,Bug;Rock,30%,7%,Rock Throw;Struggle Bug;,Stone Edge;Rock Blast;Gyro Ball;Frustration ;
Heracross,Heracross,Bug;Fighting,30%,9%,Counter;Struggle Bug;,Megahorn;Earthquake;Close Combat;Rock Blast;
Sneasel,Sneasel,Dark;Ice,20%,7%,Ice Shard;Feint Attack;,Ice Punch;Avalanche;Foul Play;Frustration ;
Teddiursa,Teddiursa,Normal,50%,20%,Lick;Scratch;,Cross Chop;Play Rough;Crunch;Frustration ;
Ursaring,Ursaring,Normal,15%,7%,Shadow Claw;Metal Claw;Counter;,Hyper Beam;Play Rough;Close Combat;Frustration ;
Slugma,Slugma,Fire,30%,10%,Ember;Rock Throw;,Rock Slide;Flame Charge;Flame Burst;
Magcargo,Magcargo,Fire;Rock,12.5%,6%,Ember;Rock Throw;,Stone Edge;Heat Wave;Overheat;
Swinub,Swinub,Ice;Ground,30%,10%,Tackle;Powder Snow;,Rock Slide;Icy Wind;Body Slam;Frustration ;
Piloswine,Piloswine,Ice;Ground,12.5%,6%,Ice Shard;Powder Snow;,Stone Edge;Bulldoze;Avalanche;Frustration ;
Corsola,Corsola,Water;Rock,30%,12%,Tackle;Bubble;,Bubble Beam;Power Gem;Rock Blast;
Remoraid,Remoraid,Water,50%,10%,Mud Shot;Water Gun;,Water Pulse;Aurora Beam;Rock Blast;
Octillery,Octillery,Water,15%,7%,Mud Shot;Water Gun;,Gunk Shot;Water Pulse;Aurora Beam;Acid Spray;Octazooka;
Delibird,Delibird,Ice;Flying,20%,20%,Present;,Ice Punch;Aerial Ace;Icy Wind;Frustration ;
Mantine,Mantine,Water;Flying,30%,7%,Wing Attack;Bubble;Bullet Seed;,Ice Beam;Aerial Ace;Bubble Beam;Water Pulse;
Skarmory,Skarmory,Steel;Flying,20%,9%,Steel Wing;Air Slash;,Flash Cannon;Brave Bird;Sky Attack;Frustration ;
Houndour,Houndour,Dark;Fire,40%,10%,Ember;Feint Attack;,Dark Pulse;Flamethrower;Crunch;Frustration ;
Houndoom,Houndoom,Dark;Fire,15%,6%,Fire Fang;Snarl;,Flamethrower;Fire Blast;Crunch;Foul Play;Frustration ;
Kingdra,Kingdra,Water;Dragon,10%,5%,Dragon Breath;Water Gun ;Waterfall;,Blizzard;Hydro Pump;Outrage;Octazooka;
Phanpy,Phanpy,Ground,50%,20%,Tackle;Rock Smash;,Rock Slide;Bulldoze;Body Slam;
Donphan,Donphan,Ground,12.5%,7%,Tackle;Mud-Slap;Counter;Charm;,Earthquake;Play Rough;Heavy Slam;
Porygon2,Porygon2,Normal,5%,5%,Charge Beam;Hidden Power;Lock-On;,Hyper Beam;Solar Beam;Zap Cannon;Frustration ;Tri Attack;
Stantler,Stantler,Normal,30%,8%,Tackle;Zen Headbutt;,Megahorn;Stomp;Wild Charge;Frustration ;
Smeargle,Smeargle,Normal,25%,7%,,
Tyrogue,Tyrogue,Fighting,—,20%,Tackle;Rock Smash;,Low Sweep;Rock Slide;Brick Break;
Hitmontop,Hitmontop,Fighting,10%,5%,Rock Smash;Counter;,Stone Edge;Close Combat;Gyro Ball;
Smoochum,Smoochum,Ice;Psychic,25%,20%,Frost Breath ;Pound;Powder Snow;,Ice Punch;Ice Beam;Psyshock;
Elekid,Elekid,Electric,—,20%,Thunder Shock;Low Kick;,Discharge;Thunder Punch;Thunderbolt ;Brick Break;
Magby,Magby,Fire,—,20%,Karate Chop;Ember;,Flamethrower ;Flame Burst;Fire Punch;Brick Break;
Miltank,Miltank,Normal,20%,8%,Tackle;Zen Headbutt;,Ice Beam;Thunderbolt;Stomp;Body Slam;Gyro Ball;
Blissey,Blissey,Normal,5%,5%,Pound;Zen Headbutt;,Hyper Beam;Dazzling Gleam;Psychic;
Raikou,Raikou,Electric,2%,4%,Thunder Shock;Volt Switch;,Shadow Ball;Thunder;Thunderbolt;Wild Charge;Frustration ;
Entei,Entei,Fire,2%,4%,Fire Fang;Fire Spin;,Flamethrower;Iron Head;Flame Charge;Fire Blast;Overheat;Frustration ;
Suicune,Suicune,Water,2%,4%,Extrasensory;Snarl;Hidden Power ;Ice Fang;,Ice Beam;Bubble Beam;Water Pulse;Hydro Pump;Frustration ;
Larvitar,Larvitar,Rock;Ground,40%,10%,Bite;Rock Smash;,Ancient Power;Stomp;Crunch;Frustration ;
Pupitar,Pupitar,Rock;Ground,10%,7%,Bite;Rock Smash;,Dig;Ancient Power;Crunch;Frustration ;
Tyranitar,Tyranitar,Rock;Dark,5%,4%,Bite;Iron Tail;Smack Down ;,Stone Edge;Fire Blast;Crunch;Frustration ;
Lugia,Lugia,Psychic;Flying,2%,4%,Dragon Tail;Extrasensory;,Hydro Pump;Sky Attack;Future Sight;Aeroblast ;
Ho-oh,Ho-oh,Fire;Flying,2%,4%,Steel Wing;Extrasensory;Hidden Power;Incinerate;,Earthquake ;Fire Blast;Solar Beam;Brave Bird;
Celebi,Celebi,Psychic;Grass,100%,0%,Confusion;Charge Beam;,Hyper Beam;Seed Bomb;Dazzling Gleam;Psychic;Leaf Storm;
Treecko,Treecko,Grass,20%,10%,Pound;Bullet Seed;,Aerial Ace;Grass Knot;Energy Ball;
Grovyle,Grovyle,Grass,10%,7%,Quick Attack;Bullet Seed;,Aerial Ace;Leaf Blade;Grass Knot;
Sceptile,Sceptile,Grass,5%,5%,Fury Cutter;Bullet Seed;,Earthquake;Aerial Ace;Dragon Claw;Leaf Blade;Frenzy Plant ;
Torchic,Torchic,Fire,20%,10%,Ember;Scratch;,Flamethrower;Rock Tomb;Flame Charge;
Combusken,Combusken,Fire;Fighting,10%,7%,Ember;Peck;,Flamethrower;Rock Slide;Flame Charge;
Blaziken,Blaziken,Fire;Fighting,5%,5%,Counter;Fire Spin;,Stone Edge ;Blaze Kick;
Mudkip,Mudkip,Water,20%,10%,Tackle;Water Gun;,Sludge;Dig;Stomp;Frustration ;
Marshtomp,Marshtomp,Water;Ground,10%,7%,Mud Shot;Water Gun;,Sludge;Mud Bomb;Surf;Frustration ;
Swampert,Swampert,Water;Ground,5%,5%,Mud Shot;Water Gun;,Earthquake;Sludge Wave;Surf;Hydro Cannon ;
Poochyena,Poochyena,Dark,50%,20%,Tackle;Snarl;,Dig;Poison Fang;Crunch;
Mightyena,Mightyena,Dark,20%,7%,Bite;Fire Fang;Thunder Fang;Ice Fang;,Poison Fang;Play Rough;Crunch;
Zigzagoon,Zigzagoon,Normal,50%,20%,Tackle;Rock Smash;,Dig;Thunderbolt;Grass Knot;Frustration ;
Zigzagoon,Zigzagoon (Galarian Zigzagoon),Dark;Normal,50%,20%,Tackle;Take Down;,Dig;Swift;Body Slam;Frustration ;
Linoone,Linoone,Normal,20%,7%,Shadow Claw;Tackle;,Dig;Thunder;Grass Knot;Frustration ;
Linoone,Linoone (Galarian Linoone),Dark;Normal,20%,7%,Lick;Snarl;,Dig;Gunk Shot;Body Slam;Frustration ;
Wurmple,Wurmple,Bug,50%,20%,Bug Bite;Tackle;,Struggle;
Silcoon,Silcoon,Bug,25%,9%,Bug Bite;Poison Sting;,Struggle;
Beautifly,Beautifly,Bug;Flying,12.5%,6%,Infestation;Struggle Bug;,Bug Buzz;Air Cutter;Silver Wind;
Cascoon,Cascoon,Bug,25%,9%,Bug Bite;Poison Sting;,Struggle;
Dustox,Dustox,Bug;Poison,12.5%,6%,Confusion;Struggle Bug;,Bug Buzz;Sludge Bomb;Silver Wind;
Lotad,Lotad,Water;Grass,50%,20%,Razor Leaf;Water Gun;,Bubble Beam;Energy Ball;
Lombre,Lombre,Water;Grass,25%,9%,Razor Leaf;Bubble;,Ice Beam;Bubble Beam;Grass Knot;
Ludicolo,Ludicolo,Water;Grass,12.5%,6%,Razor Leaf;Bubble;,Ice Beam;Blizzard;Hydro Pump;Solar Beam;Energy Ball;Leaf Storm;
Seedot,Seedot,Grass,50%,20%,Quick Attack;Bullet Seed;,Grass Knot;Energy Ball;Foul Play;Frustration ;
Nuzleaf,Nuzleaf,Grass;Dark,25%,9%,Razor Leaf;Feint Attack;,Leaf Blade;Grass Knot;Foul Play;Frustration ;
Shiftry,Shiftry,Grass;Dark,12.5%,6%,Razor Leaf;Feint Attack;Bullet Seed ;Snarl;,Leaf Blade;Hurricane;Foul Play;Leaf Tornado;Frustration ;
Taillow,Taillow,Normal;Flying,50%,20%,Peck;Quick Attack;,Aerial Ace;
Swellow,Swellow,Normal;Flying,20%,7%,Wing Attack;Steel Wing;,Aerial Ace;Brave Bird;Sky Attack;
Wingull,Wingull,Water;Flying,50%,20%,Quick Attack;Water Gun;,Ice Beam;Water Pulse;Air Cutter;
Pelipper,Pelipper,Water;Flying,20%,7%,Wing Attack;Water Gun;,Blizzard;Hydro Pump;Hurricane;Weather Ball - Water;
Ralts,Ralts,Psychic;Fairy,40%,9%,Confusion;Charge Beam;,Psyshock;Shadow Sneak;Disarming Voice;Frustration ;
Kirlia,Kirlia,Psychic;Fairy,10%,6%,Confusion;Charge Beam;,Shadow Sneak;Disarming Voice;Psychic;Frustration ;
Gardevoir,Gardevoir,Psychic;Fairy,5%,5%,Confusion;Charge Beam;Charm;,Shadow Ball;Dazzling Gleam;Psychic;Frustration ;
Surskit,Surskit,Bug;Water,50%,20%,Bug Bite;Bubble;,Bubble Beam;Aqua Jet;Signal Beam;
Masquerain,Masquerain,Bug;Flying,20%,7%,Air Slash;Infestation;,Bubble Beam;Ominous Wind;Air Cutter;Silver Wind;Lunge;
Shroomish,Shroomish,Grass,50%,20%,Tackle;Bullet Seed;,Seed Bomb;Grass Knot;Energy Ball;
Breloom,Breloom,Grass;Fighting,20%,7%,Counter;Bullet Seed;,Seed Bomb;Sludge Bomb;Dynamic Punch;Grass Knot ;
Slakoth,Slakoth,Normal,40%,9%,Yawn;,Night Slash;Brick Break;Body Slam;
Vigoroth,Vigoroth,Normal,10%,6%,Scratch;Counter;,Bulldoze;Brick Break;Body Slam;
Slaking,Slaking,Normal,5%,5%,Yawn;,Hyper Beam;Earthquake;Play Rough;Body Slam ;
Nincada,Nincada,Bug;Ground,20%,10%,Bug Bite;Scratch;,Aerial Ace;Bug Buzz;Night Slash;
Ninjask,Ninjask,Bug;Flying,10%,7%,Fury Cutter;Metal Claw;,Aerial Ace;Bug Buzz;Shadow Ball;
Shedinja,Shedinja,Bug;Ghost,5%,5%,Bug Bite;Shadow Claw;Struggle Bug ;,Dig;Aerial Ace;Shadow Sneak;
Whismur,Whismur,Normal,50%,20%,Pound;Astonish;,Flamethrower;Disarming Voice;Stomp;
Loudred,Loudred,Normal,25%,9%,Bite;Rock Smash;,Flamethrower;Disarming Voice;Stomp;
Exploud,Exploud,Normal,12.5%,6%,Bite;Astonish;,Disarming Voice;Fire Blast;Crunch;
Makuhita,Makuhita,Fighting,50%,10%,Tackle;Rock Smash;,Cross Chop;Low Sweep;Heavy Slam;
Hariyama,Hariyama,Fighting,20%,6%,Bullet Punch;Counter;,Close Combat;Dynamic Punch;Heavy Slam;Superpower;
Azurill,Azurill,Normal;Fairy,10%,4%,Splash;Bubble;,Ice Beam;Bubble Beam;Body Slam;
Nosepass,Nosepass,Rock,20%,9%,Spark;Rock Throw;,Rock Slide;Thunderbolt;Rock Blast;Frustration ;
Skitty,Skitty,Normal,50%,10%,Tackle;Feint Attack;,Dig;Disarming Voice;Wild Charge;
Delcatty,Delcatty,Normal,20%,6%,Zen Headbutt;Feint Attack;Charm;,Disarming Voice;Play Rough;Wild Charge;
Sableye,Sableye,Dark;Ghost,20%,7%,Shadow Claw;Feint Attack;,Power Gem;Shadow Sneak;Foul Play;Frustration ;
Mawile,Mawile,Steel;Fairy,50%,9%,Bite;Fire Fang;Astonish;Ice Fang;,Vise Grip;Iron Head;Play Rough;Power-Up Punch;Frustration ;
Aron,Aron,Steel;Rock,50%,20%,Tackle;Metal Claw;,Rock Tomb;Iron Head;Body Slam;Frustration ;
Lairon,Lairon,Steel;Rock,25%,9%,Metal Claw;Iron Tail;,Rock Slide;Body Slam;Heavy Slam;Frustration ;
Aggron,Aggron,Steel;Rock,12.5%,6%,Dragon Tail;Iron Tail;Smack Down;,Stone Edge;Thunder;Heavy Slam;Frustration ;
Meditite,Meditite,Fighting;Psychic,50%,10%,Confusion;Rock Smash;,Ice Punch;Low Sweep;Psyshock;
Medicham,Medicham,Fighting;Psychic,20%,6%,Psycho Cut;Counter;,Ice Punch;Psychic;Dynamic Punch;Power-Up Punch;
Electrike,Electrike,Electric,50%,10%,Spark;Quick Attack;,Discharge;Thunderbolt;Swift;
Manectric,Manectric,Electric,20%,6%,Charge Beam;Snarl;Thunder Fang;,Thunder;Flame Burst;Wild Charge;Overheat;
Plusle,Plusle,Electric,30%,9%,Spark;Quick Attack;,Discharge;Thunderbolt;Swift;Grass Knot;
Minun,Minun,Electric,30%,9%,Spark;Quick Attack;,Discharge;Thunderbolt;Swift;Grass Knot;
Volbeat,Volbeat,Bug,30%,9%,Tackle;Struggle Bug;,Bug Buzz;Thunderbolt;Signal Beam;
Illumise,Illumise,Bug,30%,9%,Tackle;Struggle Bug;,Bug Buzz;Dazzling Gleam;Silver Wind;
Roselia,Roselia,Grass;Poison,30%,9%,Razor Leaf;Poison Jab;,Petal Blizzard;Dazzling Gleam;Sludge Bomb;
Gulpin,Gulpin,Poison,50%,10%,Pound;Rock Smash;,Sludge;Ice Beam;Gunk Shot;
Swalot,Swalot,Poison,20%,6%,Rock Smash;Infestation;,Ice Beam;Sludge Bomb;Gunk Shot;Acid Spray;
Carvanha,Carvanha,Water;Dark,50%,10%,Bite;Snarl;,Poison Fang;Aqua Jet;Crunch;Frustration ;
Sharpedo,Sharpedo,Water;Dark,20%,6%,Bite;Waterfall;,Poison Fang;Hydro Pump;Crunch;Frustration ;
Wailmer,Wailmer,Water,50%,10%,Water Gun;Splash;,Water Pulse;Body Slam;Heavy Slam;
Wailord,Wailord,Water,20%,6%,Water Gun;Zen Headbutt;,Hyper Beam;Blizzard;Surf;
Numel,Numel,Fire;Ground,50%,10%,Ember;Tackle;,Heat Wave;Bulldoze;Stomp;
Camerupt,Camerupt,Fire;Ground,20%,6%,Ember;Rock Smash;,Earthquake;Solar Beam;Overheat;Earth Power;
Torkoal,Torkoal,Fire,30%,9%,Ember;Fire Spin;,Earthquake;Solar Beam;Overheat;
Spoink,Spoink,Psychic,50%,10%,Splash;Zen Headbutt;,Psybeam;Shadow Ball;Mirror Coat;
Grumpig,Grumpig,Psychic,20%,6%,Charge Beam;Extrasensory;,Shadow Ball;Psychic;Mirror Coat;
Spinda,Spinda,Normal,30%,9%,Sucker Punch;Psycho Cut;,Dig;Rock Tomb;Icy Wind;
Trapinch,Trapinch,Ground,40%,9%,Mud Shot;Struggle Bug;,Dig;Sand Tomb;Crunch;Frustration ;
Vibrava,Vibrava,Ground;Dragon,10%,6%,Dragon Breath;Mud Shot;,Bug Buzz;Bulldoze;Sand Tomb;Frustration ;
Flygon,Flygon,Ground;Dragon,5%,5%,Mud Shot;Dragon Tail;,Earthquake;Stone Edge;Dragon Claw;Earth Power ;
Cacnea,Cacnea,Grass,50%,10%,Sucker Punch;Poison Sting;,Seed Bomb;Brick Break;Grass Knot;Frustration ;Payback;
Cacturne,Cacturne,Grass;Dark,20%,6%,Sucker Punch;Poison Jab;,Dark Pulse;Dynamic Punch;Grass Knot;Frustration ;Payback;
Swablu,Swablu,Normal;Flying,50%,10%,Peck;Astonish;,Ice Beam;Aerial Ace;Disarming Voice;
Altaria,Altaria,Dragon;Flying,20%,6%,Dragon Breath;Peck;,Dragon Pulse;Dazzling Gleam;Moonblast ;Sky Attack;
Zangoose,Zangoose,Normal,30%,9%,Fury Cutter;Shadow Claw;,Dig;Night Slash;Close Combat;
Seviper,Seviper,Poison,30%,9%,Poison Jab;Iron Tail;,Wrap;Poison Fang;Crunch;
Lunatone,Lunatone,Rock;Psychic,30%,9%,Rock Throw;Confusion;,Rock Slide;Moonblast;Psychic;
Solrock,Solrock,Rock;Psychic,30%,9%,Rock Throw;Confusion;,Rock Slide;Psychic;Solar Beam;
Barboach,Barboach,Water;Ground,50%,10%,Mud Shot;Water Gun;,Ice Beam;Aqua Tail;Mud Bomb;
Whiscash,Whiscash,Water;Ground,20%,6%,Mud Shot;Water Gun;,Blizzard;Mud Bomb;Water Pulse;
Corphish,Corphish,Water,50%,10%,Bubble;Rock Smash;,Vise Grip;Bubble Beam;Aqua Jet;
Crawdaunt,Crawdaunt,Water;Dark,20%,6%,Snarl;Waterfall;,Vise Grip;Night Slash;Bubble Beam;Crabhammer;
Baltoy,Baltoy,Ground;Psychic,50%,10%,Confusion;Extrasensory;,Dig;Psybeam;Gyro Ball;
Claydol,Claydol,Ground;Psychic,20%,6%,Mud-Slap;Confusion;Extrasensory;,Earthquake;Ice Beam;Shadow Ball;Psychic;Gyro Ball;Earth Power;
Lileep,Lileep,Rock;Grass,50%,10%,Acid;Infestation;,Ancient Power;Grass Knot;Mirror Coat;Frustration ;
Cradily,Cradily,Rock;Grass,20%,6%,Acid;Infestation;Bullet Seed;,Stone Edge;Bulldoze;Grass Knot;Frustration ;
Anorith,Anorith,Rock;Bug,50%,10%,Scratch;Struggle Bug;,Aqua Jet;Ancient Power;Cross Poison;Frustration ;
Armaldo,Armaldo,Rock;Bug,20%,6%,Fury Cutter;Struggle Bug;,Cross Poison;Water Pulse;Rock Blast;Frustration ;
Feebas,Feebas,Water,70%,15%,Tackle;Splash;,Mirror Coat;
Milotic,Milotic,Water,10%,7%,Dragon Tail;Waterfall;,Hyper Beam;Blizzard;Surf;
Castform,Castform,Normal,30%,10%,Tackle;Hex;,Hurricane;Energy Ball;Weather Ball - Rock;Weather Ball - Normal;
Castform,Castform (Sunny Form),Fire,30%,10%,Ember;Tackle;,Fire Blast;Solar Beam;Weather Ball - Fire;
Castform,Castform (Rainy Form),Water,30%,10%,Tackle;Water Gun;,Thunder;Hydro Pump;Weather Ball - Water;
Castform,Castform (Snowy Form),Ice,30%,10%,Tackle;Powder Snow;,Ice Beam;Blizzard;Weather Ball - Ice;
Shuppet,Shuppet,Ghost,40%,10%,Feint Attack;Astonish;,Shadow Sneak;Ominous Wind;Night Shade;Frustration ;
Banette,Banette,Ghost,20%,7%,Shadow Claw;Hex;,Shadow Ball;Thunder;Dazzling Gleam;Frustration ;
Duskull,Duskull,Ghost,40%,10%,Astonish;Hex;,Shadow Sneak;Ominous Wind;Night Shade;Frustration ;
Dusclops,Dusclops,Ghost,20%,7%,Feint Attack;Hex;,Ice Punch;Shadow Punch;Fire Punch;Frustration ;
Tropius,Tropius,Grass;Flying,30%,10%,Razor Leaf;Air Slash;,Aerial Ace;Leaf Blade;Stomp;
Chimecho,Chimecho,Psychic,30%,10%,Astonish;Extrasensory;,Psyshock;Shadow Ball;Energy Ball;
Absol,Absol,Dark,50%,10%,Psycho Cut;Snarl;,Dark Pulse;Megahorn;Thunder;Frustration ;Payback;
Wynaut,Wynaut,Psychic,30%,10%,Splash;Counter;,Mirror Coat;
Snorunt,Snorunt,Ice,50%,10%,Powder Snow;Hex;,Shadow Ball;Icy Wind;Avalanche;
Glalie,Glalie,Ice,20%,6%,Ice Shard;Frost Breath;,Shadow Ball;Avalanche;Gyro Ball;
Spheal,Spheal,Ice;Water,50%,10%,Water Gun;Rock Smash;,Water Pulse;Body Slam;Aurora Beam;Frustration ;
Sealeo,Sealeo,Ice;Water,25%,7%,Water Gun;Powder Snow;,Water Pulse;Body Slam;Aurora Beam;Frustration ;
Walrein,Walrein,Ice;Water,12.5%,5%,Frost Breath;Waterfall;,Earthquake;Blizzard;Water Pulse;Frustration ;
Clamperl,Clamperl,Water,50%,10%,Water Gun;,Ice Beam;Water Pulse;Body Slam;
Huntail,Huntail,Water,20%,6%,Bite;Water Gun;,Ice Beam;Aqua Tail;Crunch;
Gorebyss,Gorebyss,Water,20%,6%,Water Gun;Confusion;,Draining Kiss;Water Pulse;Psychic;
Relicanth,Relicanth,Water;Rock,90%,1%,Water Gun;Zen Headbutt;,Aqua Tail;Ancient Power;Hydro Pump;
Luvdisc,Luvdisc,Water,30%,10%,Water Gun;Splash;,Aqua Jet;Draining Kiss;Water Pulse;
Bagon,Bagon,Dragon,40%,9%,Bite;Ember;,Flamethrower;Twister;Crunch;Frustration ;
Shelgon,Shelgon,Dragon,10%,6%,Dragon Breath;Ember;,Flamethrower;Twister;Dragon Pulse;Frustration ;
Salamence,Salamence,Dragon;Flying,5%,5%,Bite;Fire Fang;Dragon Tail;,Fire Blast;Hydro Pump;Outrage ;
Beldum,Beldum,Steel;Psychic,40%,9%,Take Down;,Struggle;Frustration ;
Metang,Metang,Steel;Psychic,10%,6%,Metal Claw;Zen Headbutt;,Psyshock;Psychic;Gyro Ball;Frustration ;
Metagross,Metagross,Steel;Psychic,5%,5%,Bullet Punch;Zen Headbutt;,Earthquake;Flash Cannon;Psychic;Meteor Mash ;
Regirock,Regirock,Rock,2%,1%,Rock Throw;Rock Smash;Lock-On;,Stone Edge;Focus Blast;Zap Cannon;
Regice,Regice,Ice,2%,1%,Frost Breath;Rock Smash;Lock-On;,Earthquake;Blizzard;Focus Blast;
Registeel,Registeel,Steel,2%,1%,Metal Claw;Rock Smash;Lock-On;,Hyper Beam;Flash Cannon;Focus Blast;
Latias,Latias,Dragon;Psychic,2%,1%,Dragon Breath;Zen Headbutt;Charm;,Thunder;Psychic;Outrage;
Latios,Latios,Dragon;Psychic,2%,1%,Dragon Breath;Zen Headbutt;,Dragon Claw;Psychic;Solar Beam;
Kyogre,Kyogre,Water,2%,1%,Waterfall;,Blizzard;Thunder;Hydro Pump;Surf;
Groudon,Groudon,Ground,2%,1%,Mud Shot;Dragon Tail;,Earthquake;Fire Blast;Fire Punch ;Solar Beam;
Rayquaza,Rayquaza,Dragon;Flying,2%,1%,Dragon Tail;Air Slash;,Aerial Ace;Ancient Power;Hurricane ;Outrage;
Jirachi,Jirachi,Steel;Psychic,100%,0%,Confusion;Charge Beam;,Dazzling Gleam;Psychic;Doom Desire;
Deoxys,Deoxys (Normal Forme),Psychic,2%,1%,Zen Headbutt;Charge Beam;,Hyper Beam;Zap Cannon;Psycho Boost;
Deoxys,Deoxys (Attack Forme),Psychic,2%,1%,Poison Jab;Zen Headbutt;,Dark Pulse;Zap Cannon;Psycho Boost;
Deoxys,Deoxys (Defense Forme),Psychic,2%,1%,Zen Headbutt;Counter;,Rock Slide;Thunderbolt;Psycho Boost;
Deoxys,Deoxys (Speed Forme),Psychic,2%,1%,Zen Headbutt;Charge Beam;,Thunderbolt;Swift;Psycho Boost;
Turtwig,Turtwig,Grass,20%,10%,Razor Leaf;Tackle;,Seed Bomb;Body Slam;Energy Ball;Frustration ;
Grotle,Grotle,Grass,10%,7%,Bite;Razor Leaf;,Solar Beam;Body Slam;Energy Ball;Frustration ;
Torterra,Torterra,Grass;Ground,5%,5%,Bite;Razor Leaf;,Earthquake;Stone Edge;Solar Beam;Sand Tomb;Frenzy Plant ;
Chimchar,Chimchar,Fire,20%,10%,Ember;Scratch;,Flame Wheel;Flamethrower;Flame Charge;Frustration ;
Monferno,Monferno,Fire;Fighting,10%,7%,Ember;Rock Smash;,Flame Wheel;Flamethrower;Low Sweep;Frustration ;
Infernape,Infernape,Fire;Fighting,5%,5%,Rock Smash;Fire Spin;,Flamethrower;Solar Beam;Close Combat;Blast Burn ;
Piplup,Piplup,Water,20%,10%,Pound;Bubble;,Drill Peck;Bubble Beam;Icy Wind;
Prinplup,Prinplup,Water,10%,7%,Metal Claw;Bubble;,Bubble Beam;Hydro Pump;Icy Wind;
Empoleon,Empoleon,Water;Steel,5%,5%,Metal Claw;Waterfall;,Flash Cannon;Drill Peck;Blizzard;Hydro Pump;Hydro Cannon ;
Starly,Starly,Normal;Flying,50%,20%,Quick Attack;Tackle;,Aerial Ace;Brave Bird;
Staravia,Staravia,Normal;Flying,25%,9%,Wing Attack;Quick Attack;,Heat Wave;Aerial Ace;Brave Bird;
Staraptor,Staraptor,Normal;Flying,12.5%,6%,Wing Attack;Quick Attack;,Heat Wave;Close Combat;Brave Bird;
Bidoof,Bidoof,Normal,50%,20%,Tackle;Take Down;,Ice Beam ;
Bibarel,Bibarel,Normal;Water,20%,7%,Water Gun;Take Down;,Hyper Beam;Hyper Fang;Surf;
Kricketot,Kricketot,Bug,50%,20%,Bug Bite;Struggle Bug;,Struggle;
Kricketune,Kricketune,Bug,20%,7%,Fury Cutter;Struggle Bug;,Aerial Ace;Bug Buzz;X-Scissor;
Shinx,Shinx,Electric,50%,10%,Spark;Tackle;,Discharge;Thunderbolt;Swift;
Luxio,Luxio,Electric,25%,7%,Bite;Spark;,Thunderbolt;Wild Charge;Crunch;
Luxray,Luxray,Electric,12.5%,5%,Spark;Snarl;Hidden Power;,Hyper Beam;Wild Charge;Crunch;
Budew,Budew,Grass;Poison,10%,4%,Razor Leaf;Hidden Power;,Grass Knot;Energy Ball;
Roserade,Roserade,Grass;Poison,15%,7%,Razor Leaf;Poison Jab;Bullet Seed ;,Dazzling Gleam;Sludge Bomb;Solar Beam;Grass Knot;Weather Ball - Fire ;Leaf Storm;
Cranidos,Cranidos,Rock,50%,10%,Zen Headbutt;Take Down;,Ancient Power;Rock Tomb;Bulldoze;
Rampardos,Rampardos,Rock,20%,6%,Zen Headbutt;Smack Down;,Flamethrower;Rock Slide;Outrage;
Shieldon,Shieldon,Rock;Steel,50%,10%,Tackle;Iron Tail;,Ancient Power;Rock Tomb;Heavy Slam;
Bastiodon,Bastiodon,Rock;Steel,20%,6%,Iron Tail;Smack Down;,Flamethrower;Stone Edge;Flash Cannon;
Burmy,Burmy (Plant Cloak),Bug,50%,20%,Bug Bite;Tackle;,Struggle;
Burmy,Burmy (Sandy Cloak),Bug,50%,0%,Bug Bite;Tackle;,Struggle;
Burmy,Burmy (Trash Cloak),Bug,50%,0%,Bug Bite;Tackle;,Struggle;
Wormadam,Wormadam (Plant Cloak),Bug;Grass,15%,7%,Bug Bite;Confusion;,Psybeam;Bug Buzz;Energy Ball;
Wormadam,Wormadam (Sandy Cloak),Bug;Ground,15%,7%,Bug Bite;Confusion;,Psybeam;Bug Buzz;Bulldoze;
Wormadam,Wormadam (Trash Cloak),Bug;Steel,15%,7%,Bug Bite;Confusion;,Psybeam;Bug Buzz;Iron Head;
Mothim,Mothim,Bug;Flying,15%,7%,Bug Bite;Air Slash;,Psybeam;Aerial Ace;Bug Buzz;
Combee,Combee,Bug;Flying,15%,7%,Bug Bite;,Bug Buzz;
Vespiquen,Vespiquen,Bug;Flying,15%,7%,Fury Cutter;Bug Bite;Poison Sting;Air Slash;,Bug Buzz;Power Gem;Signal Beam;X-Scissor;Fell Stinger;
Pachirisu,Pachirisu,Electric,30%,9%,Spark;Volt Switch;,Thunder Punch;Thunder;Thunderbolt;
Buizel,Buizel,Water,50%,10%,Quick Attack;Water Gun;,Aqua Jet;Water Pulse;Swift;
Floatzel,Floatzel,Water,20%,6%,Water Gun;Waterfall;,Aqua Jet;Hydro Pump;Swift;
Cherubi,Cherubi,Grass,50%,9%,Tackle;Bullet Seed;,Petal Blizzard;Seed Bomb;Dazzling Gleam;
Cherrim,Cherrim (Overcast Form),Grass,10%,7%,Razor Leaf;Bullet Seed;,Hyper Beam;Dazzling Gleam;Solar Beam;
Cherrim,Cherrim (Sunshine Form),Grass,10%,0%,Razor Leaf;Bullet Seed;,Hyper Beam;Dazzling Gleam;Solar Beam;Weather Ball - Fire;
Shellos,Shellos (East Sea),Water,50%,10%,Mud-Slap;Hidden Power;,Mud Bomb;Water Pulse;Body Slam;
Shellos,Shellos (West Sea),Water,50%,0%,Mud-Slap;Hidden Power;,Mud Bomb;Water Pulse;Body Slam;
Gastrodon,Gastrodon (East Sea),Water;Ground,20%,6%,Mud-Slap;Hidden Power;,Water Pulse;Body Slam;Earth Power;
Gastrodon,Gastrodon (West Sea),Water;Ground,20%,0%,Mud-Slap;Hidden Power;,Water Pulse;Body Slam;Earth Power;
Ambipom,Ambipom,Normal,20%,6%,Scratch;Astonish;,Hyper Beam;Aerial Ace;Low Sweep;Frustration ;
Drifloon,Drifloon,Ghost;Flying,40%,10%,Astonish;Hex;,Ominous Wind;Shadow Ball;Icy Wind;
Drifblim,Drifblim,Ghost;Flying,20%,7%,Astonish;Hex;,Ominous Wind;Shadow Ball;Icy Wind;
Buneary,Buneary,Normal,50%,10%,Quick Attack;Pound;,Fire Punch;Swift;
Lopunny,Lopunny,Normal,20%,6%,Low Kick;Pound;,Hyper Beam;Fire Punch;Focus Blast;
Mismagius,Mismagius,Ghost,10%,7%,Sucker Punch;Hex;,Dark Pulse;Shadow Ball;Dazzling Gleam;Frustration ;
Honchkrow,Honchkrow,Dark;Flying,10%,7%,Peck;Snarl;,Dark Pulse;Psychic;Brave Bird;Sky Attack;Frustration ;
Glameow,Glameow,Normal,40%,10%,Quick Attack;Scratch;,Aerial Ace;Thunderbolt;Play Rough;
Purugly,Purugly,Normal,15%,8%,Shadow Claw;Scratch;,Aerial Ace;Thunder;Play Rough;
Chingling,Chingling,Psychic,10%,4%,Zen Headbutt;Astonish;,Wrap;Psyshock;Shadow Ball;
Stunky,Stunky,Poison;Dark,50%,10%,Bite;Scratch;,Flamethrower;Sludge Bomb;Crunch;Frustration ;
Skuntank,Skuntank,Poison;Dark,20%,6%,Bite;Poison Jab;,Flamethrower;Sludge Bomb;Crunch;Frustration ;
Bronzor,Bronzor,Steel;Psychic,50%,10%,Tackle;Confusion;,Psyshock;Gyro Ball;Heavy Slam;Payback;
Bronzong,Bronzong,Steel;Psychic,20%,6%,Confusion;Feint Attack;,Flash Cannon;Psyshock;Bulldoze;Psychic;Heavy Slam;Payback;
Bonsly,Bonsly,Rock,10%,4%,Rock Throw;Counter;,Earthquake;Rock Tomb;Rock Slide;
Mime Jr.,Mime Jr.,Psychic;Fairy,10%,4%,Pound;Confusion;,Psybeam;Psyshock;Psychic;
Happiny,Happiny,Normal,10%,4%,Pound;Zen Headbutt;,Psychic;
Chatot,Chatot,Normal;Flying,30%,9%,Peck;Steel Wing;,Heat Wave;Sky Attack;Night Shade;
Spiritomb,Spiritomb,Ghost;Dark,10%,4%,Sucker Punch;Feint Attack;,Shadow Sneak;Ominous Wind;Shadow Ball;
Gible,Gible,Dragon;Ground,40%,9%,Mud Shot;Take Down;,Dig;Twister;Body Slam;Frustration ;
Gabite,Gabite,Dragon;Ground,10%,6%,Mud Shot;Take Down;,Flamethrower;Dig;Twister;Frustration ;
Garchomp,Garchomp,Dragon;Ground,5%,5%,Mud Shot;Dragon Tail;,Earthquake;Fire Blast;Sand Tomb;Outrage;Earth Power ;
Munchlax,Munchlax,Normal,10%,4%,Lick;Tackle;,Gunk Shot;Bulldoze;Body Slam;
Riolu,Riolu,Fighting,—,20%,Quick Attack;Counter;,Cross Chop;Low Sweep;Brick Break;
Lucario,Lucario,Fighting;Steel,10%,5%,Bullet Punch;Counter;,Flash Cannon;Shadow Ball;Close Combat;Power-Up Punch;Aura Sphere;
Hippopotas,Hippopotas,Ground,40%,10%,Bite;Tackle;,Dig;Rock Tomb;Body Slam;Frustration ;
Hippowdon,Hippowdon,Ground,15%,8%,Bite;Fire Fang;Thunder Fang;Ice Fang;,Earthquake;Stone Edge;Body Slam;Weather Ball - Rock;Earth Power;Frustration ;
Skorupi,Skorupi,Poison;Bug,40%,10%,Poison Sting;Infestation;,Aqua Tail;Cross Poison;Sludge Bomb;
Drapion,Drapion,Poison;Dark,15%,8%,Bite;Poison Sting;Infestation;Ice Fang;,Aqua Tail;Sludge Bomb;Crunch;Fell Stinger;
Croagunk,Croagunk,Poison;Fighting,40%,12%,Poison Jab;Poison Sting;,Low Sweep;Sludge Bomb;Brick Break;
Toxicroak,Toxicroak,Poison;Fighting,15%,7%,Poison Jab;Counter;,Sludge Bomb;Mud Bomb;Dynamic Punch;
Carnivine,Carnivine,Grass,90%,1%,Bite;Vine Whip;,Power Whip;Energy Ball;Crunch;
Finneon,Finneon,Water,50%,10%,Pound;Water Gun;,Ice Beam;Water Pulse;Silver Wind;
Lumineon,Lumineon,Water,20%,6%,Water Gun;Waterfall;,Blizzard;Water Pulse;Silver Wind;
Mantyke,Mantyke,Water;Flying,10%,4%,Tackle;Bubble;,Ice Beam;Aerial Ace;Water Pulse;
Snover,Snover,Grass;Ice,30%,10%,Ice Shard;Powder Snow;,Ice Beam;Stomp;Energy Ball;Frustration ;
Abomasnow,Abomasnow,Grass;Ice,12.5%,6%,Razor Leaf;Powder Snow;,Blizzard;Energy Ball;Outrage;Weather Ball - Ice;Frustration ;
Weavile,Weavile,Dark;Ice,15%,9%,Ice Shard;Feint Attack;Snarl;,Focus Blast;Avalanche;Foul Play;Frustration ;
Magnezone,Magnezone,Electric;Steel,12.5%,5%,Spark;Charge Beam;,Flash Cannon;Wild Charge;Zap Cannon;Mirror Shot;Frustration ;
Lickilicky,Lickilicky,Normal,15%,9%,Lick;Zen Headbutt;,Hyper Beam;Earthquake;Shadow Ball;Solar Beam;Body Slam ;
Rhyperior,Rhyperior,Ground;Rock,5%,5%,Mud-Slap;Smack Down;,Earthquake;Stone Edge;Surf;Skull Bash;Superpower;Frustration ;
Tangrowth,Tangrowth,Grass,15%,10%,Vine Whip;Infestation;,Ancient Power;Rock Slide;Sludge Bomb;Solar Beam;Power Whip;
Electivire,Electivire,Electric,15%,10%,Thunder Shock;Low Kick;,Flamethrower ;
Magmortar,Magmortar,Fire,15%,10%,Karate Chop;Fire Spin;,Thunderbolt ;
Togekiss,Togekiss,Fairy;Flying,1%,5%,Air Slash;Hidden Power;Charm;,Flamethrower;Aerial Ace;Ancient Power;Dazzling Gleam;
Yanmega,Yanmega,Bug;Flying,17.5%,5%,Bug Bite;Wing Attack;,Aerial Ace;Bug Buzz;Ancient Power;
Leafeon,Leafeon,Grass,12.5%,6%,Razor Leaf;Quick Attack;Bullet Seed ;,Solar Beam;Leaf Blade;Energy Ball;Last Resort ;
Glaceon,Glaceon,Ice,12.5%,6%,Ice Shard;Frost Breath;,Ice Beam;Water Pulse ;
Gliscor,Gliscor,Ground;Flying,12.5%,9%,Fury Cutter;Wing Attack;,Earthquake;Aerial Ace;Night Slash;Sand Tomb;Frustration ;
Mamoswine,Mamoswine,Ice;Ground,5%,5%,Mud-Slap;Powder Snow;,Stone Edge;Ancient Power ;
Porygon-Z,Porygon-Z,Normal,5%,5%,Charge Beam;Hidden Power;Lock-On;,Hyper Beam;Blizzard;Solar Beam;Zap Cannon;Frustration ;
Gallade,Gallade,Psychic;Fighting,50%,5%,Low Kick;Confusion;Charm;,Psychic;Leaf Blade;Close Combat;Frustration ;
Probopass,Probopass,Rock;Steel,10%,7%,Spark;Rock Throw;,Rock Slide;Magnet Bomb;Thunderbolt;Frustration ;
Dusknoir,Dusknoir,Ghost,10%,5%,Astonish;Hex;,Dark Pulse;Ominous Wind;Shadow Ball ;
Froslass,Froslass,Ice;Ghost,20%,7%,Powder Snow;Hex;,Shadow Ball;Avalanche;Crunch;
Rotom,Rotom (Wash Rotom),Electric;Water,30%,10%,Thunder Shock;Astonish;,Thunder;Thunderbolt;Hydro Pump;
Uxie,Uxie,Psychic,2%,0%,Confusion;Extrasensory;,Thunder;Swift;Future Sight;
Mesprit,Mesprit,Psychic,2%,0%,Confusion;Extrasensory;,Blizzard;Swift;Future Sight;
Azelf,Azelf,Psychic,2%,0%,Confusion;Extrasensory;,Fire Blast;Swift;Future Sight;
Dialga,Dialga,Steel;Dragon,2%,4%,Dragon Breath;Metal Claw;,Iron Head;Thunder;Draco Meteor;
Palkia,Palkia,Water;Dragon,2%,4%,Dragon Breath;Dragon Tail;,Aqua Tail;Fire Blast;Hydro Pump;Draco Meteor;
Heatran,Heatran,Fire;Steel,2%,4%,Bug Bite;Fire Spin;,Flamethrower;Stone Edge;Iron Head;Fire Blast;
Regigigas,Regigigas,Normal,2%,4%,Zen Headbutt;Hidden Power;,Thunder;Focus Blast;Giga Impact;
Giratina,Giratina (Altered Forme),Ghost;Dragon,2%,4%,Dragon Breath;Shadow Claw;,Ancient Power;Shadow Sneak;Dragon Claw;
Giratina,Giratina (Origin Forme),Ghost;Dragon,2%,4%,Shadow Claw;Dragon Tail;,Ominous Wind;Shadow Ball;Dragon Pulse;
Cresselia,Cresselia,Psychic,2%,4%,Psycho Cut;Confusion;,Moonblast;Aurora Beam;Grass Knot ;Future Sight;
Darkrai,Darkrai,Dark,2%,0%,Feint Attack;Snarl;,Dark Pulse;Shadow Ball;Focus Blast;
Victini,Victini,Psychic;Fire,100%,0%,Quick Attack;Confusion;,Psychic;Focus Blast;Overheat;V-create;
Snivy,Snivy,Grass,20%,10%,Vine Whip;Tackle;,Wrap;Seed Bomb;Energy Ball;
Servine,Servine,Grass,10%,10%,Vine Whip;Iron Tail;,Wrap;Grass Knot;Leaf Tornado;
Serperior,Serperior,Grass,5%,5%,Vine Whip;Iron Tail;,Aerial Ace;Grass Knot;Frenzy Plant ;Leaf Tornado;
Tepig,Tepig,Fire,20%,10%,Ember;Tackle;,Flamethrower;Flame Charge;Body Slam;
Pignite,Pignite,Fire;Fighting,10%,7%,Ember;Tackle;,Flamethrower;Rock Tomb;Flame Charge;
Emboar,Emboar,Fire;Fighting,5%,5%,Low Kick;Ember;,Heat Wave;Rock Slide;Flame Charge;Focus Blast;Blast Burn ;
Oshawott,Oshawott,Water,20%,10%,Tackle;Water Gun;,Night Slash;Aqua Tail;Water Pulse;
Dewott,Dewott,Water,10%,7%,Fury Cutter;Water Gun;,Aqua Tail;X-Scissor;Water Pulse;
Samurott,Samurott,Water,5%,5%,Fury Cutter;Waterfall;,Megahorn;Blizzard;Hydro Pump;Hydro Cannon ;Razor Shell;
Patrat,Patrat,Normal,50%,20%,Bite;Tackle;,Dig;Hyper Fang;Grass Knot;
Watchog,Watchog,Normal,20%,7%,Bite;Low Kick;,Hyper Fang;Grass Knot;Crunch;
Lillipup,Lillipup,Normal,50%,20%,Tackle;Take Down;,Dig;Rock Tomb;Thunderbolt;
Herdier,Herdier,Normal,25%,9%,Lick;Take Down;,Dig;Thunderbolt;Play Rough;
Stoutland,Stoutland,Normal,12.5%,5%,Lick;Take Down;Ice Fang;,Play Rough;Wild Charge;Crunch;
Purrloin,Purrloin,Dark,50%,20%,Sucker Punch;Scratch;,Dark Pulse;Night Slash;Play Rough;
Liepard,Liepard,Dark,20%,7%,Snarl;Charm;,Dark Pulse;Play Rough;Gunk Shot;Payback;
Pansage,Pansage,Grass,50%,20%,Vine Whip;Scratch;,Seed Bomb;Energy Ball;Crunch;
Simisage,Simisage,Grass,20%,7%,Bite;Vine Whip;,Solar Beam;Grass Knot;Crunch;
Pansear,Pansear,Fire,50%,20%,Scratch;Fire Spin;,Flame Charge;Flame Burst;Crunch;
Simisear,Simisear,Fire,20%,7%,Bite;Fire Spin;,Flamethrower;Fire Blast;Crunch;
Panpour,Panpour,Water,50%,20%,Scratch;Water Gun;,Water Pulse;Crunch;Surf;
Simipour,Simipour,Water,20%,7%,Bite;Water Gun;,Hydro Pump;Crunch;Surf;
Munna,Munna,Psychic,50%,20%,Zen Headbutt;Charge Beam;,Psybeam;Psyshock;Dazzling Gleam;
Musharna,Musharna,Psychic,20%,7%,Zen Headbutt;Charge Beam;,Psyshock;Dazzling Gleam;Future Sight;
Pidove,Pidove,Normal;Flying,50%,20%,Quick Attack;Air Slash;,Heat Wave;Aerial Ace;Air Cutter;
Tranquill,Tranquill,Normal;Flying,25%,9%,Steel Wing;Air Slash;,Heat Wave;Aerial Ace;Sky Attack;
Unfezant,Unfezant,Normal;Flying,12.5%,5%,Steel Wing;Air Slash;,Hyper Beam;Heat Wave;Sky Attack;
Blitzle,Blitzle,Electric,30%,10%,Spark;Quick Attack;,Discharge;Thunderbolt;Flame Charge;
Zebstrika,Zebstrika,Electric,10%,7%,Spark;Low Kick;,Discharge;Flame Charge;Wild Charge;
Roggenrola,Roggenrola,Rock,50%,15%,Tackle;Smack Down;,Stone Edge;Bulldoze;Rock Blast;
Boldore,Boldore,Rock,25%,7%,Mud-Slap;Smack Down;,Stone Edge;Rock Slide;Bulldoze;
Gigalith,Gigalith,Rock,12.5%,5%,Mud-Slap;Smack Down;,Rock Slide;Solar Beam;Heavy Slam;Superpower;
Woobat,Woobat,Psychic;Flying,50%,20%,Confusion;Air Slash;,Aerial Ace;Psyshock;Air Cutter;
Swoobat,Swoobat,Psychic;Flying,20%,7%,Confusion;Air Slash;,Aerial Ace;Psychic;Future Sight;
Drilbur,Drilbur,Ground,50%,20%,Scratch;Mud-Slap;,Dig;Drill Run;Rock Tomb;
Excadrill,Excadrill,Ground;Steel,20%,7%,Mud Shot;Metal Claw;Mud-Slap;,Earthquake;Drill Run;Rock Slide;Iron Head;
Audino,Audino,Normal,5%,5%,Pound;Zen Headbutt;,Hyper Beam;Disarming Voice;Dazzling Gleam;
Timburr,Timburr,Fighting,50%,15%,Low Kick;Pound;,Low Sweep;Rock Tomb;Brick Break;
Gurdurr,Gurdurr,Fighting,25%,7%,Low Kick;Poison Jab;,Stone Edge;Low Sweep;Brick Break;
Conkeldurr,Conkeldurr,Fighting,12.5%,5%,Poison Jab;Counter;,Stone Edge;Dynamic Punch;Focus Blast;
Tympole,Tympole,Water,50%,15%,Mud Shot;Bubble;,Sludge Wave;Mud Bomb;Water Pulse;
Palpitoad,Palpitoad,Water;Ground,25%,7%,Mud Shot;Bubble;,Sludge Wave;Water Pulse;Earth Power;
Seismitoad,Seismitoad,Water;Ground,12.5%,5%,Mud Shot;Bubble;,Sludge Bomb;Earth Power;Muddy Water;
Throh,Throh,Fighting,20%,7%,Low Kick;Zen Headbutt;,Low Sweep;Body Slam;Focus Blast;
Sawk,Sawk,Fighting,20%,7%,Low Kick;Poison Jab;,Low Sweep;Body Slam;Focus Blast;
Sewaddle,Sewaddle,Bug;Grass,50%,15%,Bug Bite;Struggle Bug;,Seed Bomb;Silver Wind;Energy Ball;
Swadloon,Swadloon,Bug;Grass,25%,7%,Bug Bite;Struggle Bug;,Bug Buzz;Silver Wind;Energy Ball;
Leavanny,Leavanny,Bug;Grass,12.5%,5%,Bug Bite;Razor Leaf;,X-Scissor;Leaf Blade;Silver Wind;Leaf Storm;
Venipede,Venipede,Bug;Poison,30%,10%,Bug Bite;Poison Sting;,Sludge Bomb;Signal Beam;Gyro Ball;
Whirlipede,Whirlipede,Bug;Poison,15%,5%,Bug Bite;Poison Sting;,Sludge Bomb;Signal Beam;Gyro Ball;
Scolipede,Scolipede,Bug;Poison,20%,7%,Bug Bite;Poison Jab;,Megahorn;Sludge Bomb;X-Scissor;Gyro Ball;
Cottonee,Cottonee,Grass;Fairy,30%,10%,Razor Leaf;Charm;,Seed Bomb;Grass Knot;Energy Ball;
Whimsicott,Whimsicott,Grass;Fairy,15%,5%,Razor Leaf;Charm;,Moonblast;Hurricane;Grass Knot;
Petilil,Petilil,Grass,30%,10%,Hidden Power;Charm;,Seed Bomb;Energy Ball;
Lilligant,Lilligant,Grass,15%,5%,Hidden Power;Charm;,Hyper Beam;Petal Blizzard;Solar Beam;
Basculin,Basculin (Red-Striped Form),Water,20%,7%,Tackle;Water Gun;,Aqua Jet;Aqua Tail;Muddy Water;
Basculin,Basculin (Blue-Striped Form),Water,20%,7%,Tackle;Water Gun;,Aqua Jet;Aqua Tail;Muddy Water;
Sandile,Sandile,Ground;Dark,50%,15%,Bite;Mud-Slap;,Dig;Bulldoze;Crunch;
Krokorok,Krokorok,Ground;Dark,25%,7%,Bite;Mud-Slap;,Earthquake;Bulldoze;Crunch;
Krookodile,Krookodile,Ground;Dark,12.5%,5%,Mud-Slap;Snarl;,Earthquake;Outrage;Crunch;
Darumaka,Darumaka,Fire,30%,9%,Tackle;Fire Fang;,Flame Charge;Fire Punch;
Darumaka,Darumaka (Galarian Darumaka),Ice,30%,9%,Tackle;Ice Fang;,Ice Punch;Ice Beam;
Darmanitan,Darmanitan (Standard Mode),Fire,10%,7%,Tackle;Fire Fang;Incinerate;,Rock Slide;Psychic;Focus Blast;Overheat;
Darmanitan,Darmanitan (Galarian Standard Mode),Ice,10%,7%,Tackle;Ice Fang;,Ice Punch;Avalanche;Overheat;Superpower;
Maractus,Maractus,Grass,20%,7%,Poison Jab;Bullet Seed;,Aerial Ace;Petal Blizzard;Solar Beam;
Dwebble,Dwebble,Bug;Rock,30%,10%,Cut;Smack Down;,Rock Tomb;X-Scissor;Rock Blast;
Crustle,Crustle,Bug;Rock,10%,7%,Fury Cutter;Smack Down;,Rock Slide;X-Scissor;Rock Blast;
Scraggy,Scraggy,Dark;Fighting,30%,9%,Feint Attack;Rock Smash;,Brick Break;Foul Play;Acid Spray;
Scrafty,Scrafty,Dark;Fighting,10%,7%,Counter;Snarl;,Foul Play;Acid Spray;Power-Up Punch;
Sigilyph,Sigilyph,Psychic;Flying,20%,7%,Zen Headbutt;Air Slash;,Psybeam;Ancient Power;Signal Beam;Air Cutter;
Yamask,Yamask,Ghost,30%,10%,Zen Headbutt;Astonish;,Dark Pulse;Ominous Wind;Shadow Ball;Frustration ;
Yamask,Yamask (Galarian Yamask),Ground;Ghost,30%,10%,Astonish;,Rock Tomb;Night Shade;
Cofagrigus,Cofagrigus,Ghost,10%,7%,Shadow Claw;Zen Headbutt;Astonish;,Dark Pulse;Shadow Ball;Psychic;Frustration ;
Tirtouga,Tirtouga,Water;Rock,30%,10%,Bite;Water Gun;,Ancient Power;Body Slam;Surf;
Carracosta,Carracosta,Water;Rock,10%,7%,Rock Throw;Water Gun;,Ancient Power;Body Slam;Surf;
Archen,Archen,Rock;Flying,30%,9%,Wing Attack;Quick Attack;,Ancient Power;Dragon Claw;Crunch;
Archeops,Archeops,Rock;Flying,10%,7%,Wing Attack;Steel Wing;,Ancient Power;Dragon Claw;Crunch;
Trubbish,Trubbish,Poison,30%,9%,Pound;Take Down;,Seed Bomb;Gunk Shot;
Garbodor,Garbodor,Poison,10%,7%,Infestation;Take Down;,Seed Bomb;Gunk Shot;Body Slam;Acid Spray;
Minccino,Minccino,Normal,30%,10%,Pound;Charm;,Aqua Tail;Thunderbolt;Swift;
Cinccino,Cinccino,Normal,10%,7%,Pound;Charm;,Hyper Beam;Aqua Tail;Thunderbolt;
Gothita,Gothita,Psychic,50%,15%,Pound;Confusion;,Psybeam;Psyshock;Psychic;
Gothorita,Gothorita,Psychic,25%,7%,Pound;Confusion;,Psybeam;Psychic;Future Sight;
Gothitelle,Gothitelle,Psychic,12.5%,5%,Confusion;Charm;,Rock Slide;Psychic;Future Sight;
Solosis,Solosis,Psychic,50%,15%,Zen Headbutt;Hidden Power;,Psyshock;Thunder;Night Shade;
Duosion,Duosion,Psychic,25%,7%,Zen Headbutt;Hidden Power;,Psyshock;Thunder;Night Shade;
Reuniclus,Reuniclus,Psychic,12.5%,5%,Zen Headbutt;Hidden Power;,Shadow Ball;Thunder;Future Sight;
Ducklett,Ducklett,Water;Flying,50%,15%,Wing Attack;Water Gun;,Aerial Ace;Bubble Beam;Brave Bird;
Swanna,Swanna,Water;Flying,40%,12%,Water Gun;Air Slash;,Ice Beam;Bubble Beam;Hurricane;
Vanillite,Vanillite,Ice,40%,7%,Powder Snow;Astonish;,Ice Beam;Signal Beam;Icy Wind;
Vanillish,Vanillish,Ice,5%,5%,Frost Breath;Astonish;,Ice Beam;Signal Beam;Icy Wind;
Vanilluxe,Vanilluxe,Ice,12.5%,5%,Frost Breath;Astonish;,Flash Cannon;Blizzard;Signal Beam;
Deerling,Deerling (Spring Form),Normal;Grass,30%,0%,Tackle;Take Down;,Seed Bomb;Wild Charge;Energy Ball;
Deerling,Deerling (Autumn Form),Normal;Grass,30%,0%,Tackle;Take Down;,Seed Bomb;Wild Charge;Energy Ball;
Deerling,Deerling (Summer Form),Normal;Grass,30%,0%,Tackle;Take Down;,Seed Bomb;Wild Charge;Energy Ball;
Deerling,Deerling (Winter Form),Normal;Grass,30%,0%,Tackle;Take Down;,Seed Bomb;Wild Charge;Energy Ball;
Sawsbuck,Sawsbuck (Spring Form),Normal;Grass,15%,0%,Feint Attack;Take Down;,Hyper Beam;Megahorn;Solar Beam;Wild Charge;
Sawsbuck,Sawsbuck (Autumn Form),Normal;Grass,15%,0%,Feint Attack;Take Down;,Hyper Beam;Megahorn;Solar Beam;Wild Charge;
Sawsbuck,Sawsbuck (Summer Form),Normal;Grass,15%,0%,Feint Attack;Take Down;,Hyper Beam;Megahorn;Solar Beam;Wild Charge;
Sawsbuck,Sawsbuck (Winter Form),Normal;Grass,20%,0%,Feint Attack;Take Down;,Hyper Beam;Megahorn;Solar Beam;Wild Charge;
Emolga,Emolga,Electric;Flying,20%,7%,Thunder Shock;Quick Attack;,Discharge;Aerial Ace;Thunderbolt;
Karrablast,Karrablast,Bug,30%,10%,Fury Cutter;Peck;,Aerial Ace;Drill Run;Signal Beam;X-Scissor;
Escavalier,Escavalier,Bug;Steel,12.5%,5%,Bug Bite;Counter;,Megahorn;Aerial Ace;Drill Run;Acid Spray;
Foongus,Foongus,Grass;Poison,30%,10%,Feint Attack;Astonish;,Body Slam;Grass Knot;Energy Ball;
Amoonguss,Amoonguss,Grass;Poison,12.5%,5%,Feint Attack;Astonish;,Sludge Bomb;Grass Knot;Foul Play;
Frillish,Frillish (Male),Water;Ghost,30%,9%,Bubble;Hex;,Ice Beam;Ominous Wind;Night Shade;
Frillish,Frillish (Female),Water;Ghost,30%,9%,Bubble;Hex;,Ice Beam;Ominous Wind;Night Shade;
Jellicent,Jellicent (Male),Water;Ghost,12.5%,5%,Bubble;Hex;,Ice Beam;Bubble Beam;Shadow Ball;
Jellicent,Jellicent (Female),Water;Ghost,12.5%,5%,Bubble;Hex;,Ice Beam;Bubble Beam;Shadow Ball;
Alomomola,Alomomola,Water,20%,7%,Hidden Power;Waterfall;,Blizzard;Hydro Pump;Psychic;
Joltik,Joltik,Bug;Electric,30%,10%,Sucker Punch;Charge Beam;,Discharge;Bug Buzz;Cross Poison;
Galvantula,Galvantula,Bug;Electric,12.5%,5%,Fury Cutter;Volt Switch;,Discharge;Bug Buzz;Cross Poison;Energy Ball;Lunge;
Ferroseed,Ferroseed,Grass;Steel,30%,9%,Tackle;Metal Claw;,Flash Cannon;Iron Head;Gyro Ball;
Ferrothorn,Ferrothorn,Grass;Steel,12.5%,5%,Metal Claw;Bullet Seed;,Flash Cannon;Thunder;Power Whip;Acid Spray;Mirror Shot;
Klink,Klink,Steel,40%,10%,Charge Beam;Volt Switch;,Vise Grip;Discharge;Zap Cannon;
Klang,Klang,Steel,10%,7%,Thunder Shock;Charge Beam;,Vise Grip;Thunderbolt;Zap Cannon;
Klinklang,Klinklang,Steel,5%,5%,Thunder Shock;Charge Beam;,Hyper Beam;Flash Cannon;Zap Cannon;Mirror Shot;
Tynamo,Tynamo,Electric,40%,15%,Spark;Tackle;,Struggle;
Eelektrik,Eelektrik,Electric,10%,7%,Spark;Acid;,Discharge;Thunderbolt;Crunch;
Eelektross,Eelektross,Electric,5%,5%,Spark;Acid;,Thunderbolt;Dragon Claw;Crunch;Acid Spray;
Elgyem,Elgyem,Psychic,30%,10%,Confusion;Astonish;,Dark Pulse;Psybeam;Psychic;
Beheeyem,Beheeyem,Psychic,15%,5%,Confusion;Astonish;,Dark Pulse;Rock Slide;Psychic;
Litwick,Litwick,Ghost;Fire,40%,9%,Ember;Astonish;,Heat Wave;Flame Charge;Flame Burst;
Lampent,Lampent,Ghost;Fire,10%,7%,Ember;Astonish;,Heat Wave;Flame Burst;Energy Ball;
Chandelure,Chandelure,Ghost;Fire,5%,5%,Hex;Fire Spin;Incinerate;,Shadow Ball;Flame Charge;Overheat;Energy Ball;
Axew,Axew,Dragon,40%,9%,Scratch;Iron Tail;,Aqua Tail;Dragon Pulse;Dragon Claw;
Fraxure,Fraxure,Dragon,10%,7%,Dragon Tail;Iron Tail;,Night Slash;Aqua Tail;Dragon Claw;
Haxorus,Haxorus,Dragon,5%,5%,Counter;Dragon Tail;,Earthquake;Night Slash;Dragon Claw;Surf;
Cubchoo,Cubchoo,Ice,30%,10%,Powder Snow;Charm;,Ice Punch;Play Rough;Icy Wind;
Beartic,Beartic,Ice,15%,5%,Powder Snow;Charm;,Ice Punch;Play Rough;Surf;
Cryogonal,Cryogonal,Ice,20%,7%,Ice Shard;Frost Breath;,Night Slash;Water Pulse;Solar Beam;Aurora Beam;
Shelmet,Shelmet,Bug,30%,10%,Acid;Infestation;,Bug Buzz;Signal Beam;Body Slam;
Accelgor,Accelgor,Bug,15%,5%,Acid;Infestation;,Bug Buzz;Signal Beam;Focus Blast;Acid Spray;
Stunfisk,Stunfisk,Ground;Electric,20%,7%,Thunder Shock;Mud Shot;,Discharge;Mud Bomb;Muddy Water;
Stunfisk,Stunfisk (Galarian Stunfisk),Ground;Steel,20%,7%,Mud Shot;Metal Claw;,Earthquake;Flash Cannon;Rock Slide;Muddy Water;
Mienfoo,Mienfoo,Fighting,30%,10%,Low Kick;Pound;,Low Sweep;Brick Break;Focus Blast;
Mienshao,Mienshao,Fighting,15%,5%,Low Kick;Poison Jab;,Stone Edge;Brick Break;Grass Knot;
Golett,Golett,Ground;Ghost,30%,10%,Mud-Slap;Astonish;,Shadow Punch;Brick Break;Night Shade;
Golurk,Golurk,Ground;Ghost,15%,5%,Mud-Slap;Astonish;,Shadow Punch;Dynamic Punch;Earth Power;
Pawniard,Pawniard,Dark;Steel,30%,9%,Fury Cutter;Scratch;,Night Slash;Iron Head;X-Scissor;
Bisharp,Bisharp,Dark;Steel,15%,5%,Metal Claw;Snarl;,Dark Pulse;Iron Head;X-Scissor;Focus Blast;
Bouffalant,Bouffalant,Normal,20%,7%,Mud Shot;Zen Headbutt;,Megahorn;Earthquake;Stomp;Skull Bash;
Rufflet,Rufflet,Normal;Flying,30%,10%,Wing Attack;Peck;,Aerial Ace;Rock Tomb;Brave Bird;
Braviary,Braviary,Normal;Flying,15%,5%,Steel Wing;Air Slash;,Heat Wave;Rock Slide;Close Combat;Brave Bird;
Vullaby,Vullaby,Dark;Flying,30%,10%,Feint Attack;Air Slash;,Dark Pulse;Brave Bird;Foul Play;
Mandibuzz,Mandibuzz,Dark;Flying,15%,5%,Air Slash;Snarl;,Dark Pulse;Aerial Ace;Shadow Ball;Foul Play;
Heatmor,Heatmor,Fire,20%,7%,Lick;Fire Spin;,Flamethrower;Thunder Punch;Power-Up Punch;
Durant,Durant,Bug;Steel,20%,7%,Bug Bite;Metal Claw;,Stone Edge;Iron Head;X-Scissor;
Deino,Deino,Dark;Dragon,40%,9%,Dragon Breath;Tackle;,Dragon Pulse;Body Slam;Crunch;
Zweilous,Zweilous,Dark;Dragon,10%,7%,Bite;Dragon Breath;,Dark Pulse;Dragon Pulse;Body Slam;
Hydreigon,Hydreigon,Dark;Dragon,5%,5%,Bite;Dragon Breath;,Dark Pulse;Flash Cannon;Dragon Pulse;
Cobalion,Cobalion,Steel;Fighting,2%,1%,Metal Claw;Zen Headbutt;,Stone Edge;Iron Head;Close Combat;Sacred Sword ;
Terrakion,Terrakion,Rock;Fighting,2%,1%,Zen Headbutt;Smack Down;,Earthquake;Rock Slide;Close Combat;Sacred Sword ;
Virizion,Virizion,Grass;Fighting,2%,1%,Quick Attack;Zen Headbutt;,Stone Edge;Leaf Blade;Close Combat;Sacred Sword ;
Tornadus,Tornadus (Incarnate Forme),Flying,2%,1%,Bite;Air Slash;,Hyper Beam;Dark Pulse;Hurricane;Grass Knot;
Tornadus,Tornadus (Therian Forme),Flying,2%,1%,Astonish;Gust;,Heat Wave;Psychic;Hurricane;Focus Blast;
Thundurus,Thundurus (Incarnate Forme),Electric;Flying,2%,1%,Thunder Shock;Astonish;,Thunder Punch;Thunder;Brick Break;Crunch;
Thundurus,Thundurus (Therian Forme),Electric;Flying,2%,1%,Bite;Volt Switch;,Thunder;Thunderbolt;Sludge Wave;Focus Blast;
Reshiram,Reshiram,Dragon;Fire,2%,1%,Dragon Breath;Fire Fang;,Stone Edge;Overheat;Crunch;Draco Meteor;
Zekrom,Zekrom,Dragon;Electric,2%,1%,Dragon Breath;Charge Beam;,Flash Cannon;Wild Charge;Outrage;Crunch;
Landorus,Landorus (Incarnate Forme),Ground;Flying,2%,1%,Mud Shot;Rock Throw;,Rock Slide;Focus Blast;Outrage;Earth Power;
Landorus,Landorus (Therian Forme),Ground;Flying,2%,1%,Mud Shot;Extrasensory;,Earthquake;Stone Edge;Bulldoze;Superpower;
Kyurem,Kyurem,Dragon;Ice,2%,1%,Dragon Breath;Steel Wing;,Blizzard;Dragon Claw;Draco Meteor;
Meloetta,Meloetta (Aria Forme),Normal;Psychic,100%,0%,Quick Attack;Confusion;,Hyper Beam;Psyshock;Thunderbolt;Dazzling Gleam;
Genesect,Genesect,Bug;Steel,2%,1%,Fury Cutter;Metal Claw;,Hyper Beam;Magnet Bomb;X-Scissor;
Genesect,Genesect (Burn Drive),Bug;Steel,2%,1%,Fury Cutter;Metal Claw;,Flamethrower;Magnet Bomb;X-Scissor;Techno Blast - Fire ;
Chespin,Chespin,Grass,20%,10%,Vine Whip;Take Down;,Seed Bomb;Body Slam;Gyro Ball;
Quilladin,Quilladin,Grass,10%,10%,Low Kick;Vine Whip;,Body Slam;Gyro Ball;Energy Ball;
Chesnaught,Chesnaught,Grass;Fighting,5%,10%,Low Kick;Vine Whip;Smack Down;,Solar Beam;Gyro Ball;Energy Ball;Superpower;
Fennekin,Fennekin,Fire,20%,10%,Ember;Scratch;,Flamethrower;Psyshock;Flame Charge;
Braixen,Braixen,Fire,10%,10%,Ember;Scratch;,Flamethrower;Psyshock;Flame Charge;
Delphox,Delphox,Fire;Psychic,5%,10%,Scratch;Zen Headbutt;Fire Spin;,Flamethrower;Flame Charge;Fire Blast;Psychic;
Froakie,Froakie,Water,20%,10%,Pound;Bubble;,Aerial Ace;Water Pulse;Surf;
Frogadier,Frogadier,Water,10%,10%,Pound;Bubble;,Aerial Ace;Water Pulse;Surf;
Greninja,Greninja,Water;Dark,5%,10%,Bubble;Feint Attack;,Aerial Ace;Night Slash;Hydro Pump;Surf;
Bunnelby,Bunnelby,Normal,50%,10%,Quick Attack;Mud-Slap;,Dig;Earthquake;Bulldoze;
Diggersby,Diggersby,Normal;Ground,20%,10%,Mud Shot;Quick Attack;,Hyper Beam;Dig;Earthquake;Fire Punch;
Fletchling,Fletchling,Normal;Flying,50%,20%,Peck;Quick Attack;,Heat Wave;Aerial Ace;Swift;
Fletchinder,Fletchinder,Fire;Flying,25%,9%,Ember;Peck;Steel Wing;,Heat Wave;Aerial Ace;Flame Charge;
Talonflame,Talonflame,Fire;Flying,12.5%,5%,Peck;Steel Wing;Fire Spin;Incinerate ;,Flame Charge;Fire Blast;Hurricane;Brave Bird;
Litleo,Litleo,Fire;Normal,50%,20%,Ember;Tackle;Fire Fang;,Flamethrower;Flame Charge;Crunch;
Pyroar,Pyroar (Male),Fire;Normal,20%,7%,Ember;Fire Fang;Take Down;,Dark Pulse;Flame Charge;Solar Beam;Overheat;
Pyroar,Pyroar (Female),Fire;Normal,20%,7%,Fire Fang;Take Down;,Dark Pulse;Flame Charge;Solar Beam;Overheat;
Pancham,Pancham,Fighting,30%,9%,Low Kick;Tackle;,Low Sweep;Body Slam;Crunch;
Pangoro,Pangoro,Fighting;Dark,10%,7%,Low Kick;Bullet Punch;Snarl;,Night Slash;Rock Slide;Iron Head;Close Combat;
Furfrou,Furfrou (Natural Trim),Normal,20%,7%,Bite;Sucker Punch;Take Down;,Dark Pulse;Grass Knot;Surf;
Furfrou,Furfrou (Heart Trim),Normal,20%,7%,Bite;Sucker Punch;Take Down;,Dark Pulse;Grass Knot;Surf;
Furfrou,Furfrou (Star Trim),Normal,20%,7%,Bite;Sucker Punch;Take Down;,Dark Pulse;Grass Knot;Surf;
Furfrou,Furfrou (Diamond Trim),Normal,20%,7%,Bite;Sucker Punch;Take Down;,Dark Pulse;Grass Knot;Surf;
Furfrou,Furfrou (Debutante Trim),Normal,20%,7%,Bite;Sucker Punch;Take Down;,Dark Pulse;Grass Knot;Surf;
Furfrou,Furfrou (Matron Trim),Normal,20%,7%,Bite;Sucker Punch;Take Down;,Dark Pulse;Grass Knot;Surf;
Furfrou,Furfrou (Dandy Trim),Normal,20%,7%,Bite;Sucker Punch;Take Down;,Dark Pulse;Grass Knot;Surf;
Furfrou,Furfrou (La Reine Trim),Normal,20%,7%,Bite;Sucker Punch;Take Down;,Dark Pulse;Grass Knot;Surf;
Furfrou,Furfrou (Kabuki Trim),Normal,20%,7%,Bite;Sucker Punch;Take Down;,Dark Pulse;Grass Knot;Surf;
Furfrou,Furfrou (Pharaoh Trim),Normal,20%,7%,Bite;Sucker Punch;Take Down;,Dark Pulse;Grass Knot;Surf;
Espurr,Espurr,Psychic,40%,10%,Scratch;Confusion;,Psyshock;Psychic;Energy Ball;
Meowstic,Meowstic (Male),Psychic,20%,7%,Sucker Punch;Confusion;,Thunderbolt;Psychic;Energy Ball;
Meowstic,Meowstic (Female),Psychic,20%,7%,Confusion;Charm;,Shadow Ball;Psychic;Energy Ball;
Spritzee,Spritzee,Fairy,20%,10%,Charge Beam;Charm;,Thunderbolt;Draining Kiss;
Aromatisse,Aromatisse,Fairy,20%,10%,Charge Beam;Charm;,Thunderbolt;Draining Kiss;Moonblast;Psychic;
Swirlix,Swirlix,Fairy,20%,10%,Tackle;,Draining Kiss;Energy Ball;
Slurpuff,Slurpuff,Fairy,20%,10%,Tackle;Charm;,Flamethrower;Draining Kiss;Play Rough;Energy Ball;
Inkay,Inkay,Dark;Psychic,20%,10%,Peck;Tackle;,Psybeam;Night Slash;
Malamar,Malamar,Dark;Psychic,20%,10%,Peck;Psycho Cut;,Hyper Beam;Psybeam;Foul Play;Superpower;
Binacle,Binacle,Rock;Water,20%,10%,Scratch;Mud-Slap;,Dig;Cross Chop;Ancient Power;
Barbaracle,Barbaracle,Rock;Water,20%,10%,Fury Cutter;Water Gun;Mud-Slap;,Cross Chop;Stone Edge;Grass Knot;Skull Bash;
Skrelp,Skrelp,Poison;Water,20%,10%,Acid;Water Gun;,Aqua Tail;Twister;Sludge Bomb;Water Pulse;
Dragalge,Dragalge,Poison;Dragon,20%,10%,Acid;Water Gun;Dragon Tail;,Aqua Tail;Gunk Shot;Hydro Pump;Outrage;
Clauncher,Clauncher,Water,20%,10%,Water Gun;Smack Down;,Aqua Jet;Water Pulse;Crabhammer;
Clawitzer,Clawitzer,Water,20%,10%,Water Gun;Smack Down;,Dark Pulse;Ice Beam;Water Pulse;Crabhammer;
Sylveon,Sylveon,Fairy,12.5%,6%,Quick Attack;Charm;,Psyshock ;
Goomy,Goomy,Dragon,40%,9%,Tackle;Water Gun;,Dragon Pulse;Sludge Wave;Muddy Water;
Sliggoo,Sliggoo,Dragon,10%,7%,Tackle;Water Gun;,Dragon Pulse;Sludge Wave;Water Pulse;Muddy Water;
Goodra,Goodra,Dragon,5%,5%,Dragon Breath;Water Gun;,Sludge Wave;Power Whip;Draco Meteor;Muddy Water;
Klefki,Klefki,Steel;Fairy,20%,10%,Tackle;Astonish;,Flash Cannon;Draining Kiss;Play Rough;Foul Play;
Phantump,Phantump,Ghost;Grass,30%,10%,Tackle;Astonish;,Seed Bomb;Shadow Ball;Foul Play;
Trevenant,Trevenant,Ghost;Grass,15%,5%,Sucker Punch;Shadow Claw;,Seed Bomb;Shadow Ball;Foul Play;
Pumpkaboo,Pumpkaboo (Average Size),Ghost;Grass,30%,10%,Razor Leaf;Astonish;,Shadow Sneak;Grass Knot;Foul Play;
Pumpkaboo,Pumpkaboo (Small Size),Ghost;Grass,30%,10%,Razor Leaf;Astonish;,Shadow Sneak;Grass Knot;Foul Play;
Pumpkaboo,Pumpkaboo (Large Size),Ghost;Grass,30%,10%,Razor Leaf;Astonish;,Shadow Sneak;Grass Knot;Foul Play;
Pumpkaboo,Pumpkaboo (Super Size),Ghost;Grass,30%,10%,Razor Leaf;Astonish;,Shadow Sneak;Grass Knot;Foul Play;
Gourgeist,Gourgeist (Average Size),Ghost;Grass,12.5%,6%,Razor Leaf;Hex;,Seed Bomb;Shadow Ball;Fire Blast;Foul Play;
Gourgeist,Gourgeist (Small Size),Ghost;Grass,12.5%,6%,Razor Leaf;Hex;,Seed Bomb;Shadow Ball;Fire Blast;Foul Play;
Gourgeist,Gourgeist (Large Size),Ghost;Grass,12.5%,6%,Razor Leaf;Hex;,Seed Bomb;Shadow Ball;Fire Blast;Foul Play;
Gourgeist,Gourgeist (Super Size),Ghost;Grass,12.5%,6%,Razor Leaf;Hex;,Seed Bomb;Shadow Ball;Fire Blast;Foul Play;
Noibat,Noibat,Flying;Dragon,40%,9%,Bite;Wing Attack;,Heat Wave;Dragon Pulse;Air Cutter;
Noivern,Noivern,Flying;Dragon,15%,5%,Bite;Air Slash;,Heat Wave;Psychic;Hurricane;Draco Meteor;
Xerneas,Xerneas,Fairy,2%,10%,Tackle;Zen Headbutt;,Megahorn;Thunder;Moonblast;Close Combat;Giga Impact;
Yveltal,Yveltal,Dark;Flying,2%,10%,Sucker Punch;Snarl;Gust;,Hyper Beam;Dark Pulse;Psychic;Hurricane;Focus Blast;
Hoopa,Hoopa (Hoopa Confined),Psychic;Ghost,100%,0%,Confusion;Astonish;,Psybeam;Shadow Ball;Psychic;
Meltan,Meltan,Steel,30%,0%,Thunder Shock;,Flash Cannon;Thunderbolt;
Melmetal,Melmetal,Steel,30%,0%,Thunder Shock;,Hyper Beam;Flash Cannon;Rock Slide;Thunderbolt;Superpower;
Skwovet,Skwovet,Normal,60%,10%,Bite;Tackle;Bullet Seed;,Body Slam;Crunch;
Greedent,Greedent,Normal,30%,7%,Bite;Tackle;Bullet Seed;,Body Slam;Crunch;
Wooloo,Wooloo,Normal,50%,10%,Tackle;Take Down;,Stomp;Wild Charge;Payback;
Dubwool,Dubwool,Normal,20%,7%,Tackle;Take Down;,Body Slam;Wild Charge;Payback;
Obstagoon,Obstagoon,Dark;Normal,4%,4%,Lick;Counter;,Hyper Beam;Cross Chop;Night Slash;Gunk Shot;Frustration ;
Perrserker,Perrserker,Steel,10%,7%,Shadow Claw;Metal Claw;,Iron Head;Play Rough;Close Combat;Foul Play;
Sirfetch'd,Sirfetch'd,Fighting,10%,7%,Fury Cutter;Counter;,Night Slash;Leaf Blade;Close Combat;Brave Bird;Frustration ;
Mr. Rime,Mr. Rime,Ice;Psychic,30%,9%,Ice Shard;Zen Headbutt;Confusion;,Psybeam;Ice Punch;Psychic;Icy Wind;Frustration ;
Runerigus,Runerigus,Ground;Ghost,10%,7%,Astonish;,Rock Tomb;Shadow Ball;Sand Tomb;Frustration ;
Falinks,Falinks,Fighting,20%,10%,Rock Smash;Counter;,Megahorn;Brick Break;Superpower;
Zacian,Zacian (Hero of Many Battles),Fairy,2%,10%,Quick Attack;Metal Claw;Fire Fang;Snarl;,Iron Head;Play Rough;Close Combat;Wild Charge;
Zamazenta,Zamazenta (Hero of Many Battles),Fighting,2%,10%,Quick Attack;Metal Claw;Snarl;Ice Fang;,Iron Head;Moonblast;Close Combat;Crunch;
Zarude,Zarude,Dark;Grass,10%,0%,Bite;Vine Whip;,Dark Pulse;Power Whip;Energy Ball;
